institute_std,learner_count,active_learner_count,class_count,attempt_count,avg_cas_proxy_score_pct,ready_subject_count,at_risk_subject_count,missing_institute_excluded_count,evidence_level,dq_warning_count
2213,1,1,1,1,32.98,0,1,0,VERY_LOW,1
36nmtc,2,1,2,3,71.2,1,0,0,VERY_LOW,1
37 NMTC,19,17,2,37,68.2,0,0,0,MEDIUM,17
37 Nmtc,1,1,1,3,87.73,1,0,0,LOW,0
37 Nursing,1,1,1,2,80.8,1,0,0,VERY_LOW,0
37 Nursing Training College,1,1,1,3,82.6,1,0,0,LOW,2
37 Nursing and Midwifery Training College,1,1,1,2,72.0,1,0,0,VERY_LOW,0
37 Nursing and midwifery training school,1,1,1,1,24.8,0,1,0,VERY_LOW,1
37 military Hospital NMTC,1,1,1,1,67.34,0,0,0,VERY_LOW,1
37 military NMTC,1,1,1,4,81.78,1,0,0,LOW,0
37 military hospital nmtc,1,1,1,1,92.0,1,0,0,VERY_LOW,0
37 military hospital nursing and midwifery training school,1,1,1,1,69.6,0,0,0,VERY_LOW,0
37 military training,1,1,1,2,75.6,1,0,0,VERY_LOW,2
37 nmtc,9,9,2,12,65.58,0,0,0,LOW,8
37 nursing and midwifery college,1,1,1,2,47.2,0,1,0,VERY_LOW,1
37 nursing and midwifery training college,1,1,1,1,39.2,0,1,0,VERY_LOW,1
37 nursing training,1,1,1,1,82.4,1,0,0,VERY_LOW,0
"37,NMTC",1,1,1,1,52.0,0,1,0,VERY_LOW,0
37MNTC,1,1,1,1,23.2,0,1,0,VERY_LOW,1
37NMTC,33,33,2,61,71.515,1,0,0,MEDIUM,34
37Nmtc,7,6,2,10,72.34,1,0,0,LOW,6
37millitary Nursing and Midwifery training college,1,1,1,2,29.6,0,1,0,VERY_LOW,1
37nmc,2,2,2,5,60.0,0,0,0,VERY_LOW,5
37nmtc,28,26,2,45,64.88499999999999,1,0,0,MEDIUM,26
ABCDE,4,4,3,4,65.33333333333333,1,1,0,VERY_LOW,4
ABEASEMAN SENIOR HIGH SCHOOL,2,1,2,4,62.0,0,0,0,VERY_LOW,0
ABEASEMAN SHS,5,2,5,6,49.6,0,3,0,VERY_LOW,2
ABOKOBI AREA RURAL BANK LTD,3,3,1,4,95.58,1,0,0,LOW,3
ABOKOBI AREA RURAL BANK LTD.,91,91,1,161,96.27,1,0,0,HIGH,122
ADA RURAL BANK LTD,4,3,2,9,88.5,2,0,0,LOW,5
ADA RURAL BANK LTD.,25,25,1,37,89.41,1,0,0,HIGH,27
ADANSI COMMUNITY BANK,1,1,1,1,97.34,1,0,0,VERY_LOW,1
ADANSI RURAL BANK LIMITED,42,42,2,78,97.46000000000001,2,0,0,MEDIUM,55
ADANSI RURAL BANK LTD.,92,92,1,160,94.54,1,0,0,HIGH,124
ADONTEN COMMUNITY BANK LTD.,25,26,1,26,86.97,1,0,0,MEDIUM,23
AFB,6,6,1,51,93.23,1,0,0,MEDIUM,28
AFB GHANA LTD,1,1,1,1,84.0,1,0,0,VERY_LOW,1
AFB Letshego,1,1,1,11,91.03,1,0,0,LOW,11
AFRAM RURAL BANK LTD.,10,10,1,10,92.0,1,0,0,LOW,6
AGAVE RURAL BANK LTD.,2,2,1,2,92.0,1,0,0,VERY_LOW,1
AGONA RURAL BANK LTD.,7,9,1,7,90.86,1,0,0,LOW,3
AHAFO ANO PREMIER RURAL BANK L,2,2,1,2,96.0,1,0,0,VERY_LOW,1
AHAFO ANO PREMIER RURAL BANK LTD,1,1,1,1,100.0,1,0,0,VERY_LOW,0
AHANTAMAN RURAL BANK LTD.,151,151,1,213,93.98,1,0,0,HIGH,114
AHANTAMAN RURAL BANK PLC,2,2,1,2,96.0,1,0,0,VERY_LOW,1
AIT,1,1,1,1,46.0,0,1,0,VERY_LOW,1
AITI KOFI ANNAN,1,1,1,1,84.0,1,0,0,VERY_LOW,1
AKATAKYIMAN RURAL BANK LTD.,11,12,1,13,94.74,1,0,0,LOW,8
AKATAKYIMAN RURAL BANK PLC,1,1,1,1,94.66,1,0,0,VERY_LOW,1
AKIM BOSOME RURAL BANK,1,1,1,1,97.34,1,0,0,VERY_LOW,1
AKIM BOSOME RURAL BANK LIMITED,8,8,1,8,95.0,1,0,0,LOW,4
AKIM BOSOME RURAL BANK LTD,1,1,1,1,92.0,1,0,0,VERY_LOW,1
AKIM BOSOME RURAL BANK LTD.,4,4,1,4,92.0,1,0,0,VERY_LOW,2
AKIMBO,1,1,1,1,86.66,1,0,0,VERY_LOW,1
AKUAPEM RURAL BANK LTD.,123,124,1,163,90.65,1,0,0,HIGH,101
AMANANO RURAL BANK LTD.,1,1,1,2,97.33,1,0,0,VERY_LOW,1
AMANSIE WEST RURAL BANK LTD.,166,166,1,292,93.1,1,0,0,HIGH,200
AMANTIN & KASEI COMM. BANK LTD,3,3,1,3,92.89,1,0,0,VERY_LOW,1
AMENFIMAN RURAL BANK LTD.,486,487,1,712,94.92,1,0,0,HIGH,519
AMENFIMAN RURAL BANK PLC,1,1,1,2,93.34,1,0,0,VERY_LOW,0
AMUGA RURAL BANK LTD.,59,58,3,92,71.76333333333334,2,1,0,LOW,52
ANLO RURAL BANK LIMITED,38,38,1,84,92.32,1,0,0,HIGH,35
ANLO RURAL BANK LTD.,20,20,1,25,94.24,1,0,0,HIGH,19
ANUM RURAL BANK LIMITED,15,15,1,28,95.05,1,0,0,MEDIUM,19
ANUM RURAL BANK LTD.,69,70,1,118,94.97,1,0,0,HIGH,78
ARB APEX BANK PLC,327,329,2,599,86.83500000000001,2,0,0,MEDIUM,428
ARB Apex Bank PLC,5,4,2,11,97.465,2,0,0,LOW,8
ASANTE AKYEM RURAL BANK LTD,1,1,1,2,93.33,1,0,0,VERY_LOW,2
ASANTE AKYEM RURAL BANK LTD.,61,61,1,108,93.55,1,0,0,HIGH,68
ASOKORE MAMPONG RURAL BANK LIM,4,4,1,6,96.44,1,0,0,LOW,5
ASOKORE MAMPONG RURAL BANK LTD.,30,30,1,51,94.25,1,0,0,HIGH,40
ASOKORE RURAL BANK LTD,3,3,1,3,92.89,1,0,0,VERY_LOW,3
ASOKORE RURAL BANK LTD.,100,100,1,100,94.64,1,0,0,HIGH,88
ASOKORE RURAL BANK PLC,2,2,1,2,92.0,1,0,0,VERY_LOW,2
ASSINMAN RURAL BANK LIMITED,1,1,1,1,94.66,1,0,0,VERY_LOW,0
ASSINMAN RURAL BANK LTD.,63,63,1,104,92.25,1,0,0,HIGH,62
ASUBONTENG RURAL BANK LTD.,10,10,1,16,89.5,1,0,0,LOW,5
ASUTIFI RURAL BANK LTD.,42,43,1,48,92.6,1,0,0,HIGH,34
ATIWA RURAL BANK LTD,43,44,1,69,93.75,1,0,0,HIGH,45
ATIWA RURAL BANK LTD.,42,42,1,55,94.0,1,0,0,HIGH,37
ATU,1,1,1,1,42.4,0,1,0,VERY_LOW,1
ATWIMA KWANWOMA RURAL BANK LTD.,4,4,1,5,95.2,1,0,0,LOW,3
ATWIMA KWANWOMA RURAL BANK PLC,1,1,1,1,92.0,1,0,0,VERY_LOW,1
ATWIMA MPONUA RURAL BANK LTD.,79,83,1,110,90.67,1,0,0,HIGH,65
ATWIMA RURAL BANK LTD,13,13,1,17,89.02,1,0,0,MEDIUM,11
ATWIMA RURAL BANK LTD.,33,33,1,36,90.15,1,0,0,HIGH,24
AVENOR RURAL BANK LTD.,43,43,1,43,92.56,1,0,0,HIGH,36
AVENOR RURAL BANK PLC,1,1,1,1,86.66,1,0,0,VERY_LOW,1
AWUTU EMASA RURAL BANK LTD,1,1,1,1,94.66,1,0,0,VERY_LOW,0
AWUTU EMASA RURAL BANK LTD.,46,45,2,69,57.26,1,1,0,MEDIUM,39
AWUTU EMASA RURAL Bank,1,1,1,1,97.34,1,0,0,VERY_LOW,1
Abeaseman SHS,4,2,4,4,40.0,0,3,0,VERY_LOW,0
Abeaseman Senior High School,5,2,4,10,54.667500000000004,0,2,0,VERY_LOW,1
Abeaseman senior high school,1,1,1,1,68.0,0,0,0,VERY_LOW,0
Abetifi technical institu,1,1,1,1,52.0,0,1,0,VERY_LOW,1
Abuakwa State College,1,1,1,1,49.83,0,1,0,VERY_LOW,1
Aburi Girls Senior High School,1,1,1,1,42.0,0,1,0,VERY_LOW,1
Abutia E.P.J.H.S,1,1,1,1,66.4,0,0,0,VERY_LOW,1
Abutia Kloe JHS,1,1,1,1,93.85,1,0,0,VERY_LOW,1
Abutia Teti E. p. JHS,2,1,2,3,48.39,0,2,0,VERY_LOW,3
Abutia Teti EP jhs,2,1,2,2,52.0,0,1,0,VERY_LOW,1
Abutia Teti R.C. JHS,2,1,2,3,44.254999999999995,0,2,0,VERY_LOW,2
Abutia Teti RC Basic School,1,1,1,1,70.0,1,0,0,VERY_LOW,0
Abutia Teti ep jhs,2,1,2,9,65.95,1,0,0,LOW,4
Abutia teti EP jhs,3,1,3,7,46.663333333333334,0,2,0,VERY_LOW,2
Accelerex Ghana,1,1,1,1,89.34,1,0,0,VERY_LOW,0
Accellus Academy,1,1,1,1,52.0,0,1,0,VERY_LOW,1
Accra,2,2,2,2,55.69,0,0,0,VERY_LOW,2
Accra Academy,7,4,5,8,46.257999999999996,0,3,0,VERY_LOW,7
Accra Girls,1,1,1,1,72.0,1,0,0,VERY_LOW,1
Accra Girls' senior high,1,1,1,1,68.0,0,0,0,VERY_LOW,1
Accra Polytechnic,1,1,1,8,94.24,1,0,0,LOW,6
Accra Senior High,4,1,4,7,68.495,1,2,0,VERY_LOW,7
Accra Technical Training Centre,1,1,1,1,46.0,0,1,0,VERY_LOW,1
Accra Technical Universit,1,1,1,1,38.0,0,1,0,VERY_LOW,1
Accra Wesley Girls,1,1,1,1,96.8,1,0,0,VERY_LOW,1
Accra Wesley girl’s,3,1,3,4,55.24666666666667,1,2,0,VERY_LOW,4
Accra academy,2,1,2,2,80.0,2,0,0,VERY_LOW,1
Accra high,1,2,1,13,77.02,1,0,0,LOW,13
Accra high school SHS 1,12,1,12,27,69.26166666666667,6,4,0,VERY_LOW,27
Acellus,1,1,1,1,34.4,0,1,0,VERY_LOW,1
Acellus Academy,3,2,2,3,53.0,0,2,0,VERY_LOW,3
Acellus academy,3,3,3,3,76.0,2,1,0,VERY_LOW,2
Achimota,3,4,3,3,63.333333333333336,1,1,0,VERY_LOW,3
Achimota Basic School,1,1,1,1,36.0,0,1,0,VERY_LOW,1
Achimota Basic school,2,1,2,2,76.0,1,0,0,VERY_LOW,0
Achimota School,11,10,9,16,75.09333333333333,6,1,0,VERY_LOW,15
Achimota Senior High School,1,1,1,1,50.4,0,1,0,VERY_LOW,1
Achimota Snr High,1,1,1,1,52.0,0,1,0,VERY_LOW,1
Achimota school,6,5,3,7,57.10999999999999,1,1,0,VERY_LOW,7
Achimota shs,2,1,2,3,79.4,2,0,0,VERY_LOW,3
Achimotaschool,1,1,1,1,88.0,1,0,0,VERY_LOW,1
Acimota Senior High Schoo,1,1,1,1,100.0,1,0,0,VERY_LOW,1
Ada Rural Bank,1,1,1,1,78.66,1,0,0,VERY_LOW,0
Ada rural Bank plc,1,1,1,1,70.66,1,0,0,VERY_LOW,1
Ada senior high technical,1,1,1,1,38.0,0,1,0,VERY_LOW,1
Adansi Community Bank,1,1,1,1,89.34,1,0,0,VERY_LOW,1
Adansi Rural Bank Plc,1,1,1,2,97.33,1,0,0,VERY_LOW,1
Adenta New Site,2,1,2,2,46.0,0,2,0,VERY_LOW,1
Adiembra Senior High School,1,1,1,1,78.0,1,0,0,VERY_LOW,1
Adisadel College,1,1,1,1,26.0,0,1,0,VERY_LOW,1
Adonten senior high,1,1,1,1,90.0,1,0,0,VERY_LOW,1
Adukrom Presby JHS,1,1,1,1,84.76,1,0,0,VERY_LOW,1
Adventist senior high,1,1,1,1,68.0,0,0,0,VERY_LOW,1
Afb,1,1,1,7,95.54,1,0,0,LOW,5
Afia Kobi Serwaa Ampem shs,1,1,1,1,36.0,0,1,0,VERY_LOW,1
Afram Community bank,1,1,1,1,97.34,1,0,0,VERY_LOW,1
Aggrey Memorial,1,1,1,1,32.0,0,1,0,VERY_LOW,1
Aggrey memorial,4,2,4,8,49.18,0,2,0,VERY_LOW,8
Agis,1,1,1,1,47.2,0,1,0,VERY_LOW,1
Agona Rural Bank Plc,1,1,1,1,97.34,1,0,0,VERY_LOW,1
Agona SDA Senior high school,1,1,1,1,52.0,0,1,0,VERY_LOW,1
Agona serious high school,1,1,1,1,48.8,0,1,0,VERY_LOW,1
Ahafo community bank PLC,1,1,1,1,86.66,1,0,0,VERY_LOW,0
Ahanataman rural bank,1,1,1,2,97.33,1,0,0,VERY_LOW,1
Ahantaman,1,1,1,2,70.66,1,0,0,VERY_LOW,1
Ahantaman Community Bank PLC,1,1,1,1,86.66,1,0,0,VERY_LOW,0
Ahantaman Rural Bank,2,2,1,2,88.0,1,0,0,VERY_LOW,1
Ahantaman Rural Bank Plc,1,1,1,1,92.0,1,0,0,VERY_LOW,1
Ahantaman Rural banks,1,1,1,2,97.34,1,0,0,VERY_LOW,1
Ahantaman community bank plc,1,1,1,1,86.66,1,0,0,VERY_LOW,1
Ahantaman rural bank,1,1,1,2,86.66,1,0,0,VERY_LOW,1
Akim Bosome Community Bank,8,8,1,8,93.33,1,0,0,LOW,4
Akim Bosome Rural Bank,4,4,1,4,94.67,1,0,0,VERY_LOW,2
Akim Bosome Rural Bank Ltd,2,2,1,2,94.66,1,0,0,VERY_LOW,2
Akim Bosome rural bank plc,1,1,1,1,100.0,1,0,0,VERY_LOW,0
Akimbo bosome community bank,1,1,1,1,94.66,1,0,0,VERY_LOW,1
Akosombo International Sc,3,1,3,3,94.0,3,0,0,VERY_LOW,3
Akuapem Community Bank PLC,1,1,1,1,81.34,1,0,0,VERY_LOW,0
Akuapem Rural Bank,2,2,1,2,86.67,1,0,0,VERY_LOW,1
Akuapem Rural bank PLC,1,1,1,1,81.34,1,0,0,VERY_LOW,0
Amaniampong SHS,1,1,1,1,30.53,0,1,0,VERY_LOW,1
Amannsie Rural Bank,1,1,1,2,89.33,1,0,0,VERY_LOW,1
Amansie Bank PLC,1,1,1,2,96.0,1,0,0,VERY_LOW,2
Amansie Rural Bank PLC,2,2,1,4,94.0,1,0,0,LOW,1
Amansie Rural bank,1,1,1,1,97.34,1,0,0,VERY_LOW,1
Amansie west rural bank,1,1,1,2,89.33,1,0,0,VERY_LOW,1
Amazing Love shs,1,1,1,1,44.0,0,1,0,VERY_LOW,1
Ambrose Alli University,1,1,1,2,41.6,0,1,0,VERY_LOW,2
Amenfiman Rural Bank,4,4,1,6,91.28,1,0,0,LOW,4
Amenfiman Rural Bank PLC,2,2,1,3,92.0,1,0,0,VERY_LOW,3
Amenfiman Rural bank plc,1,1,1,2,92.0,1,0,0,VERY_LOW,1
Amenfiman rural Bank,1,1,1,2,100.0,1,0,0,VERY_LOW,2
Amponsah Memorial Academy,1,1,1,1,70.66,1,0,0,VERY_LOW,1
Anum Presby SHS,2,1,2,2,64.0,1,1,0,VERY_LOW,2
Anum Rural Bank PLC,2,2,1,4,98.0,1,0,0,LOW,3
Anum Rural Bank PLc,1,1,1,1,100.0,1,0,0,VERY_LOW,1
Anum presby s.h.s,1,1,1,1,48.0,0,1,0,VERY_LOW,1
Apam Senior high,1,1,1,1,62.0,0,0,0,VERY_LOW,1
Apex,1,1,1,1,89.34,1,0,0,VERY_LOW,0
Arakan,1,1,1,1,39.2,0,1,0,VERY_LOW,1
Ark Academy,9,4,7,15,83.54285714285713,6,0,0,VERY_LOW,15
Armed Forces Senior Technical,2,1,2,4,50.735,0,1,0,VERY_LOW,4
Art,1,1,1,1,44.62,0,1,0,VERY_LOW,1
Asante Akyem Rural Bank,1,1,1,2,96.0,1,0,0,VERY_LOW,2
Asante Akyem Rural Bank Ayeduase,1,1,1,1,94.66,1,0,0,VERY_LOW,0
Asante Akyem Rural Bank Plc,1,1,1,2,97.34,1,0,0,VERY_LOW,1
Ascent Remedial College,1,1,1,1,23.2,0,1,0,VERY_LOW,1
Ashaiman senior high school,1,1,1,1,69.6,0,0,0,VERY_LOW,1
Ashtech,1,1,1,1,31.2,0,1,0,VERY_LOW,1
Assin North snr high,1,1,1,1,21.6,0,1,0,VERY_LOW,1
Assin north,1,1,1,1,82.0,1,0,0,VERY_LOW,1
Asutifi Rural Bank,1,1,1,1,86.66,1,0,0,VERY_LOW,1
Atwima Kwanwoma Rural Bank PLC.,1,1,1,1,94.66,1,0,0,VERY_LOW,1
Atwima Kwanwoma Rural Bank Plc,1,1,1,1,92.0,1,0,0,VERY_LOW,1
Augustines,1,1,1,1,64.0,0,0,0,VERY_LOW,1
Avatime Senior High Schoo,1,1,1,2,55.4,0,0,0,VERY_LOW,2
Ave Maria School,1,1,1,1,68.0,0,0,0,VERY_LOW,1
Aviation,1,1,1,1,60.0,0,0,0,VERY_LOW,0
Awe senior high school,1,1,1,1,53.6,0,1,0,VERY_LOW,1
Awusco,4,2,3,7,45.199999999999996,0,2,0,VERY_LOW,7
Awut Emasa Rural Bank,1,1,1,1,84.0,1,0,0,VERY_LOW,0
Awutu Emasa,1,1,1,1,94.66,1,0,0,VERY_LOW,1
Awutu Emasa Rural Bank,2,2,1,2,94.66,1,0,0,VERY_LOW,2
Awutu Emasa Rural Bank plc,1,1,1,1,86.66,1,0,0,VERY_LOW,1
Awutu Emasa rural bank Ltd,1,1,1,1,94.66,1,0,0,VERY_LOW,1
BANGMARIGU COMMUNITY BANK LTD.,9,9,1,12,88.45,1,0,0,LOW,7
BANKING,2,2,1,3,90.22,1,0,0,VERY_LOW,2
BAWJIASE AREA RURAL BANK LTD,2,2,1,4,92.67,1,0,0,LOW,2
BAWJIASE AREA RURAL BANK LTD.,118,119,1,173,92.3,1,0,0,HIGH,84
BBCB,2,2,1,2,82.66,1,0,0,VERY_LOW,1
BESSFA RIRAL BANK PLC.,1,1,1,1,92.0,1,0,0,VERY_LOW,1
BESSFA RURAL BANK,1,1,1,1,92.0,1,0,0,VERY_LOW,0
BESSFA RURAL BANK LTD,16,17,1,25,91.04,1,0,0,MEDIUM,6
BESSFA RURAL BANK LTD.,60,62,1,86,88.37,1,0,0,HIGH,36
BESSFA RURAL BANK PLC,1,1,1,2,93.33,1,0,0,VERY_LOW,2
BONZALI RURAL BANK,1,1,1,2,92.0,1,0,0,VERY_LOW,2
BONZALI RURAL BANK LIMITED,28,28,1,64,91.46,1,0,0,HIGH,58
BONZALI RURAL BANK LTD.,96,97,1,142,94.31,1,0,0,HIGH,113
BORIMANGA RURAL BANK LTD.,1,1,1,1,92.0,1,0,0,VERY_LOW,1
BOSOME-FREHO RURAL BANK LIMITE,19,19,1,37,93.18,1,0,0,HIGH,26
BOSOME-FREHO RURAL BANK LTD.,47,47,1,68,92.2,1,0,0,HIGH,46
BOSOMTWE RURAL BANK LTD.,105,105,1,121,90.77,1,0,0,HIGH,53
BRAKWA BREMAN RURAL BANK LTD.,72,73,1,85,86.64,1,0,0,HIGH,71
BUILSA COMMUNITY BANK LTD.,54,54,2,101,89.93,2,0,0,MEDIUM,60
BURMA CAMP,1,1,1,1,72.0,1,0,0,VERY_LOW,1
Baidoo bonsoe senior high technical school,2,1,2,2,70.8,1,0,0,VERY_LOW,2
Bangmarigu Community Bank,2,2,1,2,98.67,1,0,0,VERY_LOW,2
Bank,1,1,1,1,78.66,1,0,0,VERY_LOW,1
Banker,1,2,1,2,84.0,1,0,0,VERY_LOW,0
Banking,7,7,2,9,98.5,2,0,0,LOW,4
Bawjiase Area Rural Bank,1,1,1,1,86.66,1,0,0,VERY_LOW,1
Bawjiase Area Rural Bank PLC,1,1,1,1,100.0,1,0,0,VERY_LOW,1
Bawjiase Community Bank,2,2,1,2,64.0,0,0,0,VERY_LOW,0
Bawjiase Community Bank plc,1,1,1,1,97.34,1,0,0,VERY_LOW,0
Bawjiase area rural bank,2,1,2,3,94.66,2,0,0,VERY_LOW,3
Bekwai SDA Senior High,1,1,1,1,64.0,0,0,0,VERY_LOW,1
Belcoff school complex,1,1,1,1,50.25,0,1,0,VERY_LOW,1
Bessfa,1,1,1,1,78.66,1,0,0,VERY_LOW,1
Bessfa Rural Bank,2,2,1,3,84.0,1,0,0,VERY_LOW,0
Bessfa rural bank ltd,1,1,1,2,70.66,1,0,0,VERY_LOW,1
Big boss,1,1,1,1,44.0,0,1,0,VERY_LOW,1
Binduli Methodist J H S,1,1,1,1,60.0,0,0,0,VERY_LOW,1
Boass,1,1,1,1,21.57,0,1,0,VERY_LOW,1
Bogoso,1,1,1,1,38.0,0,1,0,VERY_LOW,1
Bolenstein,2,1,2,2,45.6,0,1,0,VERY_LOW,2
Bolgatanga Girls' Senior High School,3,1,3,10,74.13333333333334,2,0,0,LOW,0
Bosome Freho Rural Bank,1,1,1,1,97.34,1,0,0,VERY_LOW,1
Brakwa Breman Community Bank,1,1,1,1,92.0,1,0,0,VERY_LOW,0
Brakwa Breman Rural Bank PLc,1,1,1,1,100.0,1,0,0,VERY_LOW,0
Builsa Community Bank PLC,1,1,1,2,97.34,1,0,0,VERY_LOW,2
Burma,2,1,2,2,27.48,0,2,0,VERY_LOW,2
Burma camp,1,1,1,2,70.0,1,0,0,VERY_LOW,2
Burma camp JHS,2,1,2,3,97.0,2,0,0,VERY_LOW,3
Business,3,1,3,3,60.666666666666664,1,1,0,VERY_LOW,1
C.P.S,5,1,5,5,92.4,5,0,0,VERY_LOW,3
CAPITAL RURAL BANK LTD.,73,73,1,155,94.19,1,0,0,HIGH,120
CAPITAL RURAL BANK PLC,4,4,1,9,94.07,1,0,0,LOW,9
CHNTC-TAMALE,1,1,1,1,77.6,1,0,0,VERY_LOW,0
CITIZENS RURAL BANK LTD,11,11,1,12,84.89,1,0,0,LOW,6
CITIZENS RURAL BANK LTD.,22,23,1,22,90.43,1,0,0,MEDIUM,15
COHSA,5,5,1,7,83.51,1,0,0,LOW,6
COLLEGE OF HEALTH ASAFO,1,1,1,3,79.26,1,0,0,LOW,3
CPS,100,21,5,100,85.04400000000001,5,0,0,MEDIUM,63
Campus Today,1,1,1,1,26.0,0,1,0,VERY_LOW,1
Cape Coast Nursing,1,1,1,1,93.6,1,0,0,VERY_LOW,0
Cape Tech,2,2,2,3,46.165,0,2,0,VERY_LOW,3
Capital Rural Bank,2,2,1,5,92.0,1,0,0,LOW,3
Capital Rural Bank PLC,2,2,1,5,93.6,1,0,0,LOW,3
College,2,1,2,2,55.0,0,1,0,VERY_LOW,2
College Of Health Asafo,1,1,1,3,42.6,0,1,0,LOW,3
Comboni Teachnical,2,1,2,2,51.2,0,1,0,VERY_LOW,2
Combotech,1,1,1,1,60.0,0,0,0,VERY_LOW,1
Corpus Christi snr high,1,1,1,1,40.0,0,1,0,VERY_LOW,1
DANGME RURAL BANK LTD.,78,78,1,124,92.47,1,0,0,HIGH,57
DEKS EDUCTIONAL INSTITUTE,1,1,1,1,24.0,0,1,0,VERY_LOW,1
DENKYIRAMAN RURAL BANK LIMITED,1,1,1,2,93.33,1,0,0,VERY_LOW,1
DENKYIRAMAN RURAL BANK LTD,22,21,2,37,96.11,2,0,0,LOW,26
DERMA RURAL BANK LTD.,1,1,1,1,89.34,1,0,0,VERY_LOW,0
DPC,1,1,1,1,90.0,1,0,0,VERY_LOW,1
DROBO COMMUNITY BANK,1,1,1,1,92.0,1,0,0,VERY_LOW,1
DROBO COMMUNITY BANK LTD.,25,25,1,39,90.97,1,0,0,HIGH,19
Darko Naomi,1,1,1,1,98.4,1,0,0,VERY_LOW,0
Darunnazat Siddikia Kamil Madrasah,1,1,1,1,100.0,1,0,0,VERY_LOW,1
Denkyiraman Rural Bank,1,1,1,1,94.66,1,0,0,VERY_LOW,0
Dexterity,2,2,1,2,76.0,1,0,0,VERY_LOW,0
Distance course,1,1,1,1,68.0,0,0,0,VERY_LOW,1
Drobo Community Bank,1,1,1,2,98.67,1,0,0,VERY_LOW,1
Dzemeni RC Jhs,3,1,3,4,78.39999999999999,3,0,0,VERY_LOW,4
Dzodze,1,1,1,1,44.0,0,1,0,VERY_LOW,1
EAST AKIM RURAL BANK LTD,2,2,1,3,96.45,1,0,0,VERY_LOW,0
EAST AKIM RURAL BANK LTD.,52,52,1,78,94.8,1,0,0,HIGH,53
EDEN MONTESSORI L.C.,1,1,1,1,92.0,1,0,0,VERY_LOW,1
EFFIDUASE RURAL BANK LTD,1,1,1,1,92.0,1,0,0,VERY_LOW,1
EFFIDUASE RURAL BANK LTD.,17,17,1,21,93.02,1,0,0,MEDIUM,19
EJURAMAN RURAL BANK LIMITED,89,90,1,89,97.24,1,0,0,HIGH,82
ENYAN DENKYIRA RURAL BANK LTD.,105,104,2,210,97.57,2,0,0,MEDIUM,147
Ecampus,2,1,2,2,60.0,1,1,0,VERY_LOW,2
Education,3,4,3,3,47.11333333333334,0,2,0,VERY_LOW,3
Effort Montessori School International,2,1,2,3,88.0,2,0,0,VERY_LOW,3
Efutu Senior High school,2,1,2,2,54.0,0,1,0,VERY_LOW,2
Efutu senior high,1,1,1,2,77.6,1,0,0,VERY_LOW,2
Ekumfi T. I.  Ahmadiyya Senior High School,1,1,1,1,38.0,0,1,0,VERY_LOW,1
Emmabs,1,1,1,1,66.0,0,0,0,VERY_LOW,1
Emmanuel Presbyterian JHS,2,1,2,2,53.0,0,1,0,VERY_LOW,2
English language,1,1,1,1,56.0,0,0,0,VERY_LOW,1
FIAGYA RURAL BANK LIMITED,2,2,1,2,92.0,1,0,0,VERY_LOW,1
FIAGYA RURAL BANK LTD.,17,17,1,21,87.52,1,0,0,MEDIUM,17
FIASEMAN BANK PLC,1,1,1,2,88.0,1,0,0,VERY_LOW,0
FIASEMAN RURAL BANK LTD,1,1,1,1,78.66,1,0,0,VERY_LOW,1
FIASEMAN RURAL BANK LTD.,195,192,5,283,85.208,4,0,0,LOW,140
FIASEMAN RURAL BANK PLC.,2,1,2,3,81.33500000000001,1,0,0,VERY_LOW,1
Fataw Ibrahim,1,1,1,1,51.47,0,1,0,VERY_LOW,1
Fiagy Community Bank,1,1,1,1,78.66,1,0,0,VERY_LOW,1
Fiaseman Community Bank Plc,1,1,1,1,94.66,1,0,0,VERY_LOW,1
Fiaseman Rural Bank,1,1,1,2,90.67,1,0,0,VERY_LOW,1
Fiaseman Rural Bank PLC,3,3,1,4,94.0,1,0,0,LOW,4
Fiaseman Senior High School,1,1,1,1,90.4,1,0,0,VERY_LOW,1
Fiaseman rural bank,4,4,1,4,90.67,1,0,0,LOW,4
Franaddo School Complex,1,1,1,1,82.0,1,0,0,VERY_LOW,1
G.E.S,1,1,1,1,30.0,0,1,0,VERY_LOW,1
GA RURAL BANK LIMITED,1,2,1,1,73.34,1,0,0,VERY_LOW,1
GCIHS,1,1,1,1,91.79,1,0,0,VERY_LOW,1
GES,1,1,1,1,74.0,1,0,0,VERY_LOW,1
GJSS,1,1,1,1,64.0,0,0,0,VERY_LOW,1
GOMOA COMMUNITY BANK LTD.,2,2,2,2,98.67,2,0,0,VERY_LOW,2
GREAT AMASS,1,1,1,1,32.0,0,1,0,VERY_LOW,1
Garden City University college,2,2,1,2,59.2,0,0,0,VERY_LOW,1
General Art,2,2,2,2,60.0,1,1,0,VERY_LOW,2
General Arts,1,3,1,1,48.23,0,1,0,VERY_LOW,1
General arts,1,1,1,1,84.0,1,0,0,VERY_LOW,1
Ghana,5,7,4,5,58.2,2,2,0,VERY_LOW,5
Ghana National College,1,1,1,1,24.0,0,1,0,VERY_LOW,1
Ghana School of law,1,1,1,3,78.58,1,0,0,LOW,3
Ghana Senior High,2,1,2,2,57.4,0,0,0,VERY_LOW,2
Ghana communication technology university,4,1,4,4,67.165,2,2,0,VERY_LOW,2
Ghana senior high school,1,1,1,1,32.0,0,1,0,VERY_LOW,1
Ghanaian,2,2,2,2,39.33,0,2,0,VERY_LOW,2
Ghost,2,1,2,2,30.8,0,2,0,VERY_LOW,2
Gimpa,1,1,1,1,24.0,0,1,0,VERY_LOW,1
Glivion,1,1,1,1,31.2,0,1,0,VERY_LOW,1
Global Accelerex,3,2,2,6,82.13499999999999,1,0,0,VERY_LOW,5
Global Accelerex Ghana,2,2,1,5,94.67,1,0,0,LOW,2
Global Accelerex Ghana LTD,1,1,1,2,93.33,1,0,0,VERY_LOW,2
Global Accelerex Ghana Limited,3,3,1,9,83.26,1,0,0,LOW,8
Golden Gate International School,1,1,1,1,34.0,0,1,0,VERY_LOW,1
HFNMTC-BEREKUM,1,1,1,3,72.13,1,0,0,LOW,3
HNTC- HO,1,1,1,1,58.4,0,0,0,VERY_LOW,1
HOLY FAMILY NURSING AND MIDWIFERY TRAINING COLLEGE,1,1,1,2,76.0,1,0,0,VERY_LOW,1
Hfnmtc,1,1,1,1,98.4,1,0,0,VERY_LOW,1
High Age Micro-Credit,1,1,1,4,94.0,1,0,0,LOW,1
High Ages Micro Finance,1,1,1,2,90.66,1,0,0,VERY_LOW,0
High Ages Micro finance,1,1,1,4,96.0,1,0,0,LOW,3
High Ages Microfinance,1,1,1,4,90.5,1,0,0,LOW,4
High Highes Microfinance,1,1,1,4,90.0,1,0,0,LOW,4
High ages Micro finance,1,1,1,4,90.67,1,0,0,LOW,1
Ho NTC,1,1,1,2,90.0,1,0,0,VERY_LOW,0
Ho Nurses Training Colleg,1,1,1,1,72.8,1,0,0,VERY_LOW,0
Hohoe Basic,1,1,1,1,20.0,0,1,0,VERY_LOW,1
Holy Family Nursing,1,1,1,2,80.0,1,0,0,VERY_LOW,2
Holy Trinity Cathedral Senior High School,1,1,1,1,72.0,1,0,0,VERY_LOW,1
Holy family nursing and midwives training college berekum,1,1,1,1,88.8,1,0,0,VERY_LOW,1
"Holychild ,Ghana",2,1,2,2,53.6,0,1,0,VERY_LOW,2
Home,2,3,2,3,66.9,1,1,0,VERY_LOW,3
Home economic,1,1,1,1,48.0,0,1,0,VERY_LOW,1
Hope College,1,1,1,1,79.2,1,0,0,VERY_LOW,1
INNOHUB,1,1,1,1,52.47,0,1,0,VERY_LOW,1
Ideal College,1,1,1,1,46.0,0,1,0,VERY_LOW,1
Ideal college,2,2,2,2,62.2,0,0,0,VERY_LOW,2
Indian,3,1,3,3,39.199999999999996,0,3,0,VERY_LOW,3
Insurance,2,3,1,2,100.0,1,0,0,VERY_LOW,1
International Institute,3,1,3,4,39.846666666666664,0,2,0,VERY_LOW,4
J H S 3 Level,1,1,1,1,36.0,0,1,0,VERY_LOW,1
J.H.S,1,1,1,1,76.0,1,0,0,VERY_LOW,1
JHS,16,13,8,29,69.65375,5,2,0,VERY_LOW,29
JOMORO RURAL BANK LIMITED,3,3,1,3,86.67,1,0,0,LOW,3
JOMORO RURAL BANK LTD.,3,3,1,5,89.33,1,0,0,LOW,3
JUABEN RURAL BANK LIMITED,1,1,1,1,100.0,1,0,0,VERY_LOW,0
JUABEN RURAL BANK LTD.,33,35,1,33,94.83,1,0,0,MEDIUM,13
Jay@2024,2,1,2,3,80.0,1,0,0,VERY_LOW,1
Jhs,2,2,2,2,78.0,1,0,0,VERY_LOW,2
Juaben Rural Bank,1,1,1,1,100.0,1,0,0,VERY_LOW,0
Juaben Senior high school,1,1,1,1,29.18,0,1,0,VERY_LOW,1
Junior High,4,2,4,16,82.845,3,0,0,VERY_LOW,16
KAASEMAN RURAL BANK LIMITED,2,2,1,3,95.56,1,0,0,VERY_LOW,2
KAASEMAN RURAL BANK LTD.,102,104,1,163,94.44,1,0,0,HIGH,99
KAJAJ SENIOR HIGH SCHOOL,3,1,3,3,54.666666666666664,0,1,0,VERY_LOW,0
KAJAJI,1,1,1,1,52.0,0,1,0,VERY_LOW,0
KAJAJI SENIOR HIGH SCHOOL,58,34,6,99,53.745000000000005,0,3,0,LOW,17
KAJAJI SENIOR SCHOOL,3,1,3,6,51.55666666666667,1,2,0,VERY_LOW,0
KAJAJI SHS,1,1,1,1,28.0,0,1,0,VERY_LOW,0
KAKUM RURAL BANK.,7,7,1,12,92.0,1,0,0,LOW,9
KAPPS,13,6,5,13,85.786,5,0,0,VERY_LOW,10
KEEA,1,1,1,1,50.0,0,1,0,VERY_LOW,1
KINTAMPO RURAL BANK LIMITED,15,15,1,29,93.47,1,0,0,MEDIUM,20
KINTAMPO RURAL BANK LTD.,52,53,1,79,91.36,1,0,0,HIGH,44
KNUST,4,4,4,4,69.0,1,1,0,VERY_LOW,2
KNUSt,1,1,1,1,21.54,0,1,0,VERY_LOW,1
KPASSA RURAL BANK LTD.,6,6,1,7,86.43,1,0,0,LOW,5
KPESSA RURAL BANK LTD.,8,8,1,9,82.04,1,0,0,LOW,2
KSHS,1,1,1,3,54.67,0,1,0,LOW,0
KSTS,1,1,1,1,50.0,0,1,0,VERY_LOW,1
KUMAWUMAN RURAL BANK LTD.,4,4,1,6,94.22,1,0,0,LOW,5
KWAHU COMMUNITY BANK PLC,2,1,2,3,98.0,2,0,0,VERY_LOW,2
KWAHU PRASO RURAL BANK LIMITED,55,55,1,140,90.91,1,0,0,HIGH,68
KWAHU PRASO RURAL BANK LTD.,60,61,1,103,91.84,1,0,0,HIGH,58
KWAHU RURAL BANK LIMITED,4,4,1,7,91.76,1,0,0,LOW,5
KWAHU RURAL BANK LTD.,58,58,1,90,94.61,1,0,0,HIGH,46
KWAMANMAN RURAL BANK LTD.,14,15,1,16,86.0,1,0,0,MEDIUM,7
KWAME NKRUMAH UNIVERSITY OF SCIENCE AND TECHNOLOGY,1,1,1,1,84.0,1,0,0,VERY_LOW,1
KWANYAKO SENIOR HIGH,1,1,1,1,50.0,0,1,0,VERY_LOW,0
KaPPS,165,46,6,165,81.60833333333333,5,1,0,MEDIUM,123
KaPPs,2,2,2,2,79.0,2,0,0,VERY_LOW,1
Kade senior high school,2,1,2,2,45.0,0,2,0,VERY_LOW,2
Kajaji Kajaji Senior High School,1,1,1,1,44.0,0,1,0,VERY_LOW,0
Kajaji SENIOR HIGH School,1,1,1,1,76.0,1,0,0,VERY_LOW,0
Kajaji Senior High School,21,13,5,32,58.038,1,2,0,LOW,2
Kajaji Senior High school,4,3,3,4,48.0,0,2,0,VERY_LOW,0
Kajaji Senior School,1,1,1,5,63.2,0,0,0,LOW,1
Kajaji Senior high school,1,1,1,1,60.0,0,0,0,VERY_LOW,0
Kajaji senior High School,4,1,4,7,59.0,0,1,0,VERY_LOW,0
Kajaji senior high School,3,2,3,4,60.0,1,2,0,VERY_LOW,1
Kajaji senior high school,9,8,4,14,55.0,0,2,0,LOW,2
Kaneshie Presby,1,1,1,1,86.0,1,0,0,VERY_LOW,1
Kaneshie SHTS,1,1,1,1,34.0,0,1,0,VERY_LOW,1
Kapps,25,7,6,25,89.53333333333335,6,0,0,VERY_LOW,16
Kay Billie Klaer International School,1,1,1,2,91.0,1,0,0,VERY_LOW,2
Kay-Billie Klaer International School,1,1,1,1,94.0,1,0,0,VERY_LOW,1
Kay-Billie- Klaer International School,1,1,1,1,68.0,0,0,0,VERY_LOW,1
Kay-Billie-Klaer Int. Sch.,1,1,1,1,70.0,1,0,0,VERY_LOW,1
Kay-Billie-Klaer International School,18,10,8,29,69.6875,5,2,0,LOW,23
Kibi Senior high school,1,1,1,1,84.0,1,0,0,VERY_LOW,1
Knust,2,1,2,2,46.0,0,1,0,VERY_LOW,2
Kookaburra basic school,2,1,2,3,93.0,2,0,0,VERY_LOW,3
Kotoka JHS,8,2,7,10,81.14285714285714,4,1,0,VERY_LOW,10
Kpasec,1,1,1,1,79.2,1,0,0,VERY_LOW,1
Krobo Girls SHS,1,1,1,1,60.0,0,0,0,VERY_LOW,1
Kumasi,1,1,1,1,94.66,1,0,0,VERY_LOW,0
Kumasi Academy SHS,1,1,1,1,32.8,0,1,0,VERY_LOW,1
Kumasi SHTS,1,1,1,1,74.0,1,0,0,VERY_LOW,1
Kumasi Senior High/Tech s,1,1,1,1,46.0,0,1,0,VERY_LOW,1
Kumasi senior high technical,1,1,1,1,50.0,0,1,0,VERY_LOW,1
Kwabeng Anglican Senior High Technical School,1,1,1,1,72.0,1,0,0,VERY_LOW,1
Kwabenya,2,1,2,3,54.0,1,1,0,VERY_LOW,3
Kwahu Rural Bank,2,2,1,3,92.0,1,0,0,VERY_LOW,1
Kwahu Rural Bank Limited,1,1,1,2,94.66,1,0,0,VERY_LOW,2
Kwahu Rural Bank Plc,2,2,1,3,93.78,1,0,0,VERY_LOW,3
Kwahu Rural Bank plc,1,1,1,1,94.66,1,0,0,VERY_LOW,1
Kwahu rural bank,2,2,1,4,96.0,1,0,0,LOW,3
LAWRA AREA RURAL BANK LTD,1,1,1,1,92.0,1,0,0,VERY_LOW,1
LAWRA AREA RURAL BANK LTD.,2,3,1,3,82.22,1,0,0,VERY_LOW,0
LAWRA SENIOR HIGH School,1,1,1,1,24.0,0,1,0,VERY_LOW,1
LESHEGO,18,18,1,77,94.52,1,0,0,HIGH,37
LETHEGO GHANA,1,1,1,1,92.0,1,0,0,VERY_LOW,1
LETSHEGO,61,61,1,194,95.37,1,0,0,HIGH,142
LETSHEGO GH,1,1,1,12,94.57,1,0,0,LOW,11
LETSHEGO GH LTD,1,1,1,2,90.66,1,0,0,VERY_LOW,1
LETSHEGO GHANA,4,4,1,21,93.8,1,0,0,LOW,14
LETSHEGO Ghana savings and loans,1,1,1,4,92.0,1,0,0,LOW,2
LETSHEGO SAVINGS AND LOANS,1,1,1,6,81.4,1,0,0,LOW,1
LOWER PRA RURAL BANK LIMITED,8,8,1,14,94.29,1,0,0,LOW,10
LOWER PRA RURAL BANK LTD.,239,240,1,385,93.68,1,0,0,HIGH,219
Labone,3,1,3,4,40.51,0,3,0,VERY_LOW,4
Labone Senior High School,1,2,1,3,83.47,1,0,0,LOW,3
Labone senior high,1,1,1,1,100.0,1,0,0,VERY_LOW,1
Lawra Area Rural Bank,1,1,1,1,86.66,1,0,0,VERY_LOW,1
Letshego,27,27,1,166,93.18,1,0,0,HIGH,121
Letshego GH,1,1,1,12,92.17,1,0,0,LOW,12
Letshego Ghana,15,15,1,98,94.76,1,0,0,HIGH,63
Letshego Ghana Ltd,1,1,1,13,92.49,1,0,0,LOW,10
Letshego Ghana PLC,1,1,1,2,94.67,1,0,0,VERY_LOW,2
Letshego Ghana Savings and Loan,1,1,1,4,90.0,1,0,0,LOW,1
Letshego Ghana Savings and Loan PLC,1,1,1,13,93.72,1,0,0,LOW,13
Letshego Ghana Savings and Loans,1,1,1,1,94.66,1,0,0,VERY_LOW,1
Letshego Ghana Savings and Loans PLC,1,1,1,8,96.33,1,0,0,LOW,8
Letshego Ghana Savings and loans,1,1,1,3,92.0,1,0,0,LOW,1
Letshego Ghana limited,1,1,1,4,95.33,1,0,0,LOW,3
Letshego PLC,2,1,2,11,94.49000000000001,2,0,0,LOW,9
Letshego Saving and Loan,1,1,1,6,92.88,1,0,0,LOW,5
Letshego Saving and Loans,1,1,1,12,93.49,1,0,0,LOW,6
Letshego ghana savings,1,1,1,4,93.33,1,0,0,LOW,4
Letshego plc,1,1,1,11,93.19,1,0,0,LOW,2
Letshego savings and loan,1,1,1,10,93.6,1,0,0,LOW,10
Life international college,1,1,1,2,77.6,1,0,0,VERY_LOW,2
Lister professional institute,6,3,5,10,43.274,0,4,0,VERY_LOW,10
Lotus Educational Centre,2,1,2,3,34.345,0,2,0,VERY_LOW,3
Lower Pra Rural  Bank,1,1,1,1,100.0,1,0,0,VERY_LOW,0
Lower pra rural bank plc,1,1,1,2,92.0,1,0,0,VERY_LOW,2
Lower-pra rural bank,1,1,1,1,94.66,1,0,0,VERY_LOW,1
M and  Q,1,1,1,1,24.0,0,1,0,VERY_LOW,0
MALTAABA COMMUNITY BANK LTD,3,3,1,4,88.67,1,0,0,LOW,2
MALTAABA COMMUNITY BANK LTD.,23,24,1,32,87.95,1,0,0,MEDIUM,9
MANYA KROBO RURAL BANK LTD.,158,160,1,158,94.84,1,0,0,HIGH,101
MASSECAN,1,1,1,1,80.0,1,0,0,VERY_LOW,1
MEPE AREA RURAL BANK LIMITED,10,10,1,19,91.02,1,0,0,LOW,13
MEPE AREA RURAL BANK LTD.,10,10,1,17,87.92,1,0,0,LOW,5
MEPE AREA RURAL BANK PLC,1,1,1,2,77.33,1,0,0,VERY_LOW,1
MEST,1,1,1,1,48.0,0,1,0,VERY_LOW,1
MICROFIN RURAL BANK LIMITED,8,8,1,12,88.67,1,0,0,LOW,7
MICROFIN RURAL BANK LTD.,63,63,1,85,89.05,1,0,0,HIGH,56
MPONUA RURAL BANK,1,1,1,1,94.66,1,0,0,VERY_LOW,1
MPONUA RURAL BANK LTD.,92,95,1,180,92.95,1,0,0,HIGH,119
Maltaaba Community Bank,1,1,1,2,90.66,1,0,0,VERY_LOW,1
Man Sec Tech,1,1,1,1,25.86,0,1,0,VERY_LOW,1
Mankessim Senior High Technical School,2,1,2,2,73.0,1,1,0,VERY_LOW,2
Marcel Ofori,1,1,1,1,54.66,0,1,0,VERY_LOW,1
Mawuli School,1,1,1,1,21.6,0,1,0,VERY_LOW,1
Mawuli school,1,1,1,1,59.22,0,0,0,VERY_LOW,1
Media,1,1,1,1,97.95,1,0,0,VERY_LOW,1
Methodist Girls High Sch.,1,1,1,1,26.0,0,1,0,VERY_LOW,1
Methodist University,3,3,1,4,65.2,0,0,0,LOW,4
Methodist University College,1,1,1,2,79.8,1,0,0,VERY_LOW,2
Mfantsiman Girls SHS,1,1,1,1,63.2,0,0,0,VERY_LOW,1
Mfantsipim,3,1,3,3,62.666666666666664,1,1,0,VERY_LOW,3
Mfantsipim School,1,3,1,1,84.0,1,0,0,VERY_LOW,0
Middle School,1,1,1,13,79.82,1,0,0,LOW,13
"Midwifery and Health Assistant Training School,  Pantang",1,1,1,1,71.2,1,0,0,VERY_LOW,1
Mobile banker,1,1,1,1,97.34,1,0,0,VERY_LOW,1
Modal College,1,1,1,1,24.62,0,1,0,VERY_LOW,1
Morning Glory Int,3,1,3,4,75.30666666666667,2,0,0,VERY_LOW,4
Mponua Rural Bank,7,7,1,11,93.46,1,0,0,LOW,5
Mponua Rural Bank PLC,1,1,1,2,96.0,1,0,0,VERY_LOW,1
Mponua Rural bank,2,2,1,4,96.0,1,0,0,LOW,4
NAARA RURAL BANK LTD.,84,85,1,142,92.61,1,0,0,HIGH,70
NAARA RURAL BANK PLC,1,1,1,2,91.17,1,0,0,VERY_LOW,0
NAES,1,1,1,1,98.0,1,0,0,VERY_LOW,0
NAFANA RURAL BANK LTD.,17,17,1,22,90.79,1,0,0,MEDIUM,12
NAGIE'S,1,1,1,1,46.0,0,1,0,VERY_LOW,0
NAGIE'S QANGELS EDU CENTRE,2,1,2,2,63.0,0,0,0,VERY_LOW,0
NAGIES ANGEL EDUCATONAL CENTRE,3,1,3,3,53.333333333333336,1,2,0,VERY_LOW,1
NAGIES ANGELS EDUCATIONAL CENTRE,2,1,2,2,68.0,1,1,0,VERY_LOW,2
NANDOM RURAL BANK,1,1,1,2,80.0,1,0,0,VERY_LOW,0
NANDOM RURAL BANK LTD.,55,55,1,95,88.33,1,0,0,HIGH,33
NARB,1,1,1,1,92.0,1,0,0,VERY_LOW,1
NIC,1,1,1,1,80.8,1,0,0,VERY_LOW,1
NKORANMAN RURAL BANK LTD.,45,45,1,71,93.09,1,0,0,HIGH,39
NKORANZA KWABRE RURAL BANK LTD,15,15,1,26,93.03,1,0,0,MEDIUM,20
NKORANZA KWABRE RURAL BANK LTD.,53,53,1,86,94.58,1,0,0,HIGH,51
NMTC - PANTANG,1,1,1,1,63.2,0,0,0,VERY_LOW,0
NMTC - Pantang,4,2,3,5,48.13333333333333,0,2,0,VERY_LOW,3
NMTC -PANTANG,1,1,1,2,64.8,0,0,0,VERY_LOW,1
NMTC PANTANG,5,5,1,6,69.07,0,0,0,LOW,5
NMTC Pantang,4,4,2,4,76.0,1,0,0,VERY_LOW,2
NMTC- PANTANG,1,1,1,1,66.4,0,0,0,VERY_LOW,1
NMTC-PANTANG,8,10,1,9,68.0,0,0,0,LOW,7
NMTC-Pantang,6,6,1,7,64.23,0,0,0,LOW,3
NMTC-pantang,1,1,1,1,82.4,1,0,0,VERY_LOW,1
NMTC_PANTANG,3,3,1,4,67.6,0,0,0,LOW,2
NMTC_PANTPANG,1,1,1,2,68.0,0,0,0,VERY_LOW,0
NSOATREMAN RURAL BANK LTD.,59,59,1,61,92.49,1,0,0,HIGH,30
NSUTAMAN RURAL BANK,1,1,1,2,96.0,1,0,0,VERY_LOW,2
NSUTAMAN RURAL BANK LTD.,59,60,1,86,89.98,1,0,0,HIGH,64
NTC,3,3,1,5,50.99,0,1,0,LOW,4
NTC /SW,1,1,1,3,50.93,0,1,0,LOW,3
NTC SEFWI WIAWSO,2,2,1,2,37.0,0,1,0,VERY_LOW,2
NTC Sefwi Wiawso,1,1,1,2,99.2,1,0,0,VERY_LOW,0
NTC sefwi wiawso,1,1,1,1,29.6,0,1,0,VERY_LOW,1
NURSING TRAINING COLLEGE,1,1,1,4,74.73,1,0,0,LOW,0
NWABIAGYA RURAL BANK LTD.,2,2,1,3,84.89,1,0,0,VERY_LOW,1
NYANKUMASI AHENKRO RURAL BANK,12,12,1,20,94.13,1,0,0,MEDIUM,10
NYANKUMASI AHENKRO RURAL BANK LTD,1,1,1,1,100.0,1,0,0,VERY_LOW,0
NYANKUMASI AHENKRO RURAL BANK LTD.,57,58,1,98,94.53,1,0,0,HIGH,47
NYANKUMASI AHENKRO RURAL BANK PLC,1,1,1,2,97.33,1,0,0,VERY_LOW,2
NZEMA MANLE RURAL BANK LTD.,167,170,1,244,95.18,1,0,0,HIGH,91
NZEMA MANLE RURAL BANK PLC,1,1,1,1,97.34,1,0,0,VERY_LOW,1
Naara Rural Bank PLC,1,1,1,2,96.0,1,0,0,VERY_LOW,2
Nagie's  Angels Educational Center,1,1,1,1,52.0,0,1,0,VERY_LOW,1
Nagie's  Angels Educational Centre,1,1,1,3,88.0,1,0,0,LOW,0
Nagie's A ngels Educational Center,1,1,1,1,96.0,1,0,0,VERY_LOW,0
Nagie's Angel's Angel's educational centre,1,1,1,1,100.0,1,0,0,VERY_LOW,1
Nagie's Angel's Educational Centre,1,1,1,1,48.0,0,1,0,VERY_LOW,0
Nagie's Angels  Educational Centre,1,1,1,4,44.48,0,1,0,LOW,2
Nagie's Angels Educación. Centre,1,1,1,1,60.0,0,0,0,VERY_LOW,1
Nagie's Angels Educational,1,1,1,3,65.33,0,0,0,LOW,1
Nagie's Angels Educational  Centre,3,1,3,3,75.97666666666667,2,0,0,VERY_LOW,1
Nagie's Angels Educational Center,4,2,4,5,50.917500000000004,0,2,0,VERY_LOW,2
Nagie's Angels Educational Center.,4,1,4,11,76.525,3,0,0,LOW,9
Nagie's Angels Educational Centre,45,31,9,59,63.654444444444444,3,3,0,LOW,23
Nagie's Angels Educational centre,6,4,4,11,61.8575,1,1,0,VERY_LOW,6
Nagie's Angels Educational-Centre,1,1,1,1,44.0,0,1,0,VERY_LOW,1
Nagie's Angels edu Centre,1,1,1,1,47.2,0,1,0,VERY_LOW,1
Nagie's Angles Educational Centre,2,3,1,3,38.08,0,1,0,VERY_LOW,3
Nagies Angels,2,3,2,11,81.405,2,0,0,VERY_LOW,6
Nagies Angels Edu. Centre,1,1,1,4,80.94,1,0,0,LOW,3
Nagies Angels Educational Centre,11,6,8,23,76.13125,6,2,0,VERY_LOW,10
Nagies Angles Education center,1,1,1,1,52.0,0,1,0,VERY_LOW,1
Nandom Rural Bank,1,1,1,2,84.0,1,0,0,VERY_LOW,1
Nandom Rural Bank PLC,1,1,1,1,73.34,1,0,0,VERY_LOW,0
Nandom Rural Bank ltd,1,1,1,2,90.67,1,0,0,VERY_LOW,2
Nandom rural bank,1,1,1,1,52.0,0,1,0,VERY_LOW,1
New Ebu Catholic Basic sc,1,1,1,1,76.0,1,0,0,VERY_LOW,1
New juaben,1,1,1,1,42.0,0,1,0,VERY_LOW,1
Nightingale sch of nursing,1,1,1,1,88.8,1,0,0,VERY_LOW,0
Nightingale school of Nursing,1,1,1,1,50.4,0,1,0,VERY_LOW,1
Nkoranman Rural Bank,3,2,2,5,88.33500000000001,2,0,0,VERY_LOW,3
Nkoranman Rural Bank Plc,1,1,1,2,97.33,1,0,0,VERY_LOW,2
Nkoranman Rural bank,1,1,1,2,97.34,1,0,0,VERY_LOW,1
Nkoranman Senior High School,1,1,1,1,80.0,1,0,0,VERY_LOW,1
Nkoranza-kwabre rural bank plc,1,1,1,1,89.34,1,0,0,VERY_LOW,0
Nkwanta SHS,1,1,1,1,97.95,1,0,0,VERY_LOW,1
North Ridge Lyceum,3,1,3,6,81.29333333333334,2,0,0,VERY_LOW,5
Northern school of business,1,1,1,1,28.0,0,1,0,VERY_LOW,1
Notre Dame Minor Seminary and Senior High School,3,1,3,3,76.0,2,1,0,VERY_LOW,3
Notre Dame Semenary Senior High school,1,1,1,2,88.0,1,0,0,VERY_LOW,0
Notre Dame Seminary Senior High,1,2,1,1,68.0,0,0,0,VERY_LOW,1
Notre Dame Seminary Senior High School,5,8,3,8,59.10999999999999,1,1,0,VERY_LOW,2
Notre Dame girls senior high school,2,1,2,2,52.8,1,1,0,VERY_LOW,2
Nsutaman Rural Bank Limited,1,1,1,2,96.0,1,0,0,VERY_LOW,2
Nungua senior high,1,1,1,4,88.8,1,0,0,LOW,2
Nungua senior high school,1,1,1,1,88.0,1,0,0,VERY_LOW,1
Nurse's training college  Pantang,1,1,1,3,84.85,1,0,0,LOW,0
Nursing,15,15,2,21,55.75,0,1,0,LOW,17
Nursing School,5,1,5,10,85.272,4,0,0,VERY_LOW,8
Nursing Trainig College,1,1,1,1,98.4,1,0,0,VERY_LOW,0
Nursing Training,1,1,1,1,65.4,0,0,0,VERY_LOW,1
Nursing Training Cllege,1,1,1,1,43.0,0,1,0,VERY_LOW,1
Nursing Training Collage,1,1,1,1,49.4,0,1,0,VERY_LOW,1
Nursing Training College,7,9,1,17,61.84,0,0,0,LOW,9
Nursing Training College - Sefwi Wiawso,1,1,1,1,73.4,1,0,0,VERY_LOW,1
Nursing Training College Sefwi Wiawso,1,1,1,2,67.13,0,0,0,VERY_LOW,2
Nursing Training College Sefwi wiawso,1,1,1,4,60.33,0,0,0,LOW,4
Nursing Training college,1,1,1,1,42.4,0,1,0,VERY_LOW,1
"Nursing and Midwifery Training College, 37 Military Hospital",1,1,1,3,93.6,1,0,0,LOW,0
"Nursing and Midwifery Training College, Kumasi",1,1,1,1,48.8,0,1,0,VERY_LOW,1
Nursing and midwifery,1,1,1,1,22.0,0,1,0,VERY_LOW,1
Nursing college,2,2,1,5,82.15,1,0,0,LOW,2
Nursing training,2,2,1,4,50.5,0,1,0,LOW,3
Nursing training collage Sefwi wiawso,1,1,1,3,52.89,0,1,0,LOW,0
Nursing training college,6,7,1,11,67.58,0,0,0,LOW,5
Nursing training college sefwi wiawso,1,1,1,1,54.0,0,1,0,VERY_LOW,1
"Nursing training college, jirapa",1,1,1,1,39.2,0,1,0,VERY_LOW,1
Nuru Ameen Islamic SHS,3,1,3,6,51.85333333333333,1,2,0,VERY_LOW,6
Nwabiagya Rural Bank,1,1,1,2,66.67,0,0,0,VERY_LOW,2
Nyaniba Health College,1,1,1,1,100.0,1,0,0,VERY_LOW,0
Nyankumasi Ahenkro Rural Bank,2,2,1,4,98.0,1,0,0,LOW,2
Nyankumasi Ahenkro Rural Bank PLC,2,2,1,4,96.0,1,0,0,LOW,3
Nyankumasi Ahenkro Rural bank,1,1,1,2,81.33,1,0,0,VERY_LOW,0
Nzema Manle Community Bank Plc,3,3,1,3,94.67,1,0,0,VERY_LOW,3
OAK City International College,1,1,1,2,68.0,0,0,0,VERY_LOW,2
OAK city International College,1,1,1,3,70.45,1,0,0,LOW,3
ODOTOBRI,1,1,1,2,81.33,1,0,0,VERY_LOW,2
ODOTOBRI RURAL BANK LTD.,180,179,3,324,69.02333333333333,2,1,0,LOW,209
ODOTOBRI RURAL BANK PLC,1,1,1,2,96.0,1,0,0,VERY_LOW,1
ODUPONGKPE RURAL BANK,1,1,1,1,97.34,1,0,0,VERY_LOW,1
ODUPONGKPEHE COMMUNITY BANK PLC,1,1,1,1,92.0,1,0,0,VERY_LOW,1
ODUPONGKPEHE RURAL BANK,2,2,1,2,96.0,1,0,0,VERY_LOW,2
ODUPONGKPEHE RURAL BANK LTD.,10,10,1,16,92.56,1,0,0,LOW,7
ODUPONGKPEHE RURAL BANK PLC,6,6,1,7,93.91,1,0,0,LOW,5
OFFINSO COMMUNITY BANK PLC,7,7,1,7,95.81,1,0,0,LOW,1
OFFINSO COMMUNITY PLC,1,1,1,1,94.66,1,0,0,VERY_LOW,0
OFFINSO RURAL BANK LTD.,21,21,1,28,93.52,1,0,0,MEDIUM,6
OKOMFO ANOKYE RURAL BANK LTD.,311,316,3,417,88.81333333333333,3,0,0,LOW,225
OPOKU WARE SCHOOL,39,32,12,58,70.90166666666666,6,2,0,LOW,17
OPOKU WARE School,2,1,2,2,64.0,0,0,0,VERY_LOW,1
OPUKU WARE  SCHOOL,1,1,1,1,66.0,0,0,0,VERY_LOW,1
OSEI TUTU SNR HIGH SCHOOL,1,1,1,2,25.41,0,1,0,VERY_LOW,2
OWASS,12,12,3,17,68.55666666666667,2,0,0,LOW,2
Oak City International College,1,4,1,2,92.0,1,0,0,VERY_LOW,0
Oak City international college,2,1,2,2,46.67,0,1,0,VERY_LOW,1
Oak city international college,1,3,1,2,53.9,0,1,0,VERY_LOW,1
Obrachire senior high sch,1,1,1,1,55.2,0,0,0,VERY_LOW,1
Odasco,1,1,1,1,61.6,0,0,0,VERY_LOW,1
Odorgonno Senior High School,1,1,1,1,36.0,0,1,0,VERY_LOW,1
Odorgonno shs,1,1,1,1,24.0,0,1,0,VERY_LOW,1
Odotobri Rural Bank,1,1,1,2,93.33,1,0,0,VERY_LOW,2
Odotobri Rural Bank Plc,1,1,1,1,100.0,1,0,0,VERY_LOW,0
Odupogkpehe rural bank,1,1,1,2,94.67,1,0,0,VERY_LOW,1
Odupong senior high school,1,1,1,1,85.64,1,0,0,VERY_LOW,1
Odupongkhehe,1,1,1,1,97.34,1,0,0,VERY_LOW,1
Odupongkhehe Rural Bank,1,1,1,1,89.34,1,0,0,VERY_LOW,0
Odupongkpehe,2,2,1,3,94.67,1,0,0,VERY_LOW,1
Odupongkpehe Community Bank,1,1,1,1,100.0,1,0,0,VERY_LOW,0
Odupongkpehe Community Bank Plc,1,1,1,1,81.34,1,0,0,VERY_LOW,1
Odupongkpehe Rural Bank,1,1,1,1,89.34,1,0,0,VERY_LOW,0
Odupongkpehe Rural Bank Ltd,1,1,1,2,97.34,1,0,0,VERY_LOW,1
Odupongkpehe Rural Bank PLC,3,3,1,5,96.27,1,0,0,LOW,5
Odupongkpehe Rural Bank Plc,1,1,1,2,92.0,1,0,0,VERY_LOW,2
Odupongkpehe rural bank,4,4,1,8,96.33,1,0,0,LOW,6
Odupongkpehe rural bank PLC,1,1,1,2,92.0,1,0,0,VERY_LOW,1
Odupongkpene Rural Bank,1,1,1,2,97.33,1,0,0,VERY_LOW,0
Oduponkpehe Rural Bank,1,1,1,2,92.0,1,0,0,VERY_LOW,2
Ofaakor ma jhs B,1,1,1,1,48.0,0,1,0,VERY_LOW,1
Offinso Community Bank,1,1,1,1,94.66,1,0,0,VERY_LOW,1
Offinso Community Bank PLC,3,3,1,3,95.55,1,0,0,VERY_LOW,0
Offinso Community Bank Plc,1,1,1,1,100.0,1,0,0,VERY_LOW,0
Offinso community bank,1,1,1,1,86.66,1,0,0,VERY_LOW,0
Offinso community bank PLC,1,1,1,1,94.66,1,0,0,VERY_LOW,1
Oguaa Senior HighTechnica,1,1,1,1,44.0,0,1,0,VERY_LOW,1
Okomfo Anokye Community Bank PLC,1,1,1,2,97.33,1,0,0,VERY_LOW,2
Okuapeman senior high,2,1,2,2,66.275,1,0,0,VERY_LOW,2
Okuapemman school,2,2,2,3,70.4,1,0,0,VERY_LOW,3
Okuas,1,1,1,2,92.0,1,0,0,VERY_LOW,2
Ola Girls Senior High-Ho,1,1,1,1,21.6,0,1,0,VERY_LOW,1
OpOku Ware School,1,1,1,1,60.0,0,0,0,VERY_LOW,0
Opoku,1,1,1,1,52.0,0,1,0,VERY_LOW,0
Opoku Ware,11,9,4,14,76.8325,3,0,0,LOW,3
Opoku Ware School,335,291,15,445,61.32133333333333,7,6,0,LOW,107
Opoku Ware school,22,12,7,33,61.354285714285716,3,3,0,LOW,5
Opoku ware,10,5,8,10,51.07625,1,3,0,VERY_LOW,4
Opoku ware School,1,1,1,1,52.0,0,1,0,VERY_LOW,1
Opoku ware school,14,12,8,21,66.26625,4,3,0,VERY_LOW,7
OpokuWare,2,1,2,2,72.0,1,0,0,VERY_LOW,0
OpokuWare School,2,3,2,2,80.0,2,0,0,VERY_LOW,0
OpokuWare school,1,1,1,1,84.0,1,0,0,VERY_LOW,0
OpokuWareSchool,1,2,1,1,68.0,0,0,0,VERY_LOW,0
Opuku Ware School,4,1,4,9,52.1875,0,3,0,VERY_LOW,5
Osei Tutu senior high school,3,2,3,3,62.52333333333333,1,1,0,VERY_LOW,3
Osei Tutu shs,1,1,1,1,84.0,1,0,0,VERY_LOW,1
Oti Boateng Senior High,2,1,2,2,80.8,1,0,0,VERY_LOW,0
Owass,2,4,2,2,59.0,0,1,0,VERY_LOW,2
Oxford Senior high school,1,1,1,1,36.0,0,1,0,VERY_LOW,1
PCE Demonstration,2,1,2,2,62.0,1,1,0,VERY_LOW,2
PEC,3,3,3,3,55.333333333333336,1,1,0,VERY_LOW,3
PNIS,1,1,1,3,53.33,0,1,0,LOW,1
"PNMTC, Bawku",2,2,1,2,66.2,0,0,0,VERY_LOW,2
PRESEC,1,1,1,1,76.0,1,0,0,VERY_LOW,1
PRESEC Legon,1,1,1,1,88.0,1,0,0,VERY_LOW,1
PRESEC-LEGON,2,1,2,3,88.8,2,0,0,VERY_LOW,3
PRINCEOFPEACEMETHODISTCHURCH,2,1,2,2,73.6,2,0,0,VERY_LOW,2
Pank senior high,1,1,1,1,24.0,0,1,0,VERY_LOW,1
Pantang NMTC,1,1,1,1,59.0,0,0,0,VERY_LOW,1
Pentecost Senior high,1,1,1,1,100.0,1,0,0,VERY_LOW,1
Pentecost university,2,2,1,2,71.2,1,0,0,VERY_LOW,1
Physics,1,1,1,1,52.0,0,1,0,VERY_LOW,1
Pope John Senior High,1,1,1,1,44.0,0,1,0,VERY_LOW,1
Pope John Senior High School And Minor Seminary,2,1,2,2,50.0,0,1,0,VERY_LOW,2
Pope John Senior High School and Minor Seminary,2,2,2,3,78.0,2,0,0,VERY_LOW,2
Presby shts Aburi,1,1,1,1,79.2,1,0,0,VERY_LOW,1
Presbyterian Boy's Secondary school Legon,1,1,1,1,68.0,0,0,0,VERY_LOW,1
"Presbyterian Secondary Boys School,Legon",4,1,4,6,56.5325,2,2,0,VERY_LOW,6
Presbyterian Senior High School Suhum,1,1,1,1,66.0,0,0,0,VERY_LOW,1
Presec,4,3,3,13,64.87666666666667,2,1,0,LOW,13
Presec Legon,1,1,1,1,60.0,0,0,0,VERY_LOW,1
Preset pacesetters shs,1,1,1,1,38.0,0,1,0,VERY_LOW,1
Preset shs,5,1,5,18,82.744,4,0,0,LOW,13
Pressec staff,1,1,1,1,66.0,0,0,0,VERY_LOW,1
PrettyUp,1,1,1,1,84.0,1,0,0,VERY_LOW,1
Prince Of  Peace Methodist  Church,3,1,3,22,81.27999999999999,2,0,0,LOW,6
Prince Of Peace Methodist Church,13,3,7,27,71.33571428571429,3,1,0,VERY_LOW,20
Prince Of Peace Methodists Church,9,2,6,23,70.325,4,1,0,VERY_LOW,13
Prince of Peace Methodist Church,12,3,7,21,60.90714285714286,2,2,0,VERY_LOW,12
Priscy Konadu,1,1,1,1,51.0,0,1,0,VERY_LOW,1
Private,1,1,1,2,36.4,0,1,0,VERY_LOW,2
Prof Educational Consultancy,2,1,2,2,52.0,0,1,0,VERY_LOW,1
RAS,1,1,1,1,36.0,0,1,0,VERY_LOW,1
Republican committee of the trade union of industrial manufacturers of Tajikistan “Tajiksanoat”,1,1,1,1,44.0,0,1,0,VERY_LOW,1
Royal diadem school,5,1,5,7,90.526,5,0,0,VERY_LOW,7
S H S,1,1,1,1,30.0,0,1,0,VERY_LOW,1
S.H.S,3,4,2,3,37.5,0,2,0,VERY_LOW,3
SAVELUGU SENIOR HIGH SCH.,1,1,1,1,58.0,0,0,0,VERY_LOW,0
SCHOOL,2,1,2,3,62.0,1,1,0,VERY_LOW,3
SEFWIMAN RURAL BANK,1,1,1,1,84.0,1,0,0,VERY_LOW,1
SEFWIMAN RURAL BANK LTD,7,7,1,11,94.18,1,0,0,LOW,7
SEFWIMAN RURAL BANK LTD.,87,87,1,89,94.01,1,0,0,HIGH,62
SHE,1,1,1,1,32.0,0,1,0,VERY_LOW,1
SHS,61,70,12,71,54.63583333333333,3,7,0,LOW,71
SHS 3,1,1,1,1,37.6,0,1,0,VERY_LOW,0
SHS Graduate,1,1,1,1,100.0,1,0,0,VERY_LOW,1
SISSALA RURAL BANK LIMITED,1,1,1,2,88.0,1,0,0,VERY_LOW,2
SJS,1,1,1,2,39.01,0,1,0,VERY_LOW,2
SONZELE RURAL BANK LTD.,42,42,1,70,89.41,1,0,0,HIGH,31
SONZELE RURAL BANK PLC,1,1,1,2,97.34,1,0,0,VERY_LOW,1
SOUTH AKIM RURAL BANK LTD.,170,171,1,309,93.58,1,0,0,HIGH,168
SOUTH AKIM RURAL BANK PLC,3,3,1,5,95.73,1,0,0,LOW,2
SOUTH BIRIM RURAL BANK LTD.,1,1,1,2,100.0,1,0,0,VERY_LOW,2
SPACO,1,1,1,1,42.0,0,1,0,VERY_LOW,1
STAR ASSURANCE,1,1,1,1,90.4,1,0,0,VERY_LOW,0
STARIFE,1,1,1,1,100.0,1,0,0,VERY_LOW,1
STARLIFE,7,8,2,12,90.5,2,0,0,LOW,8
STARLIFE ASSURANCE,6,5,2,8,91.33500000000001,2,0,0,LOW,7
STARLIFE ASSURANCE COMPANY,2,2,1,2,100.0,1,0,0,VERY_LOW,1
STARLIFE ASSURANCE COMPANY LIMITED,4,4,2,7,86.86500000000001,2,0,0,LOW,4
STARLIFE ASSURANCE COMPANY LTD,3,2,2,6,95.33500000000001,2,0,0,VERY_LOW,5
STARLIFE ASSURANCE SANTASI,1,1,1,1,93.6,1,0,0,VERY_LOW,1
STARLIFE Assurance,1,1,1,1,77.6,1,0,0,VERY_LOW,1
STARLIFE Assurance Company Limited,2,1,2,4,92.935,2,0,0,VERY_LOW,4
STARLIFE COMPANY,1,1,1,2,97.33,1,0,0,VERY_LOW,1
STARLIFE INSURANCE COMPANY,1,1,1,1,74.4,1,0,0,VERY_LOW,1
SUBIN AKWABOSO RURAL BANK LTD,8,8,1,15,100.6,1,0,0,LOW,9
SUBIN AKWABOSO RURAL BANK LTD.,14,14,1,18,93.63,1,0,0,MEDIUM,9
SUMA RURAL BANK LTD.,30,32,1,40,92.93,1,0,0,HIGH,28
SUMA RURAL BANK PLC,1,1,1,3,93.78,1,0,0,LOW,1
SWSBUS,1,1,1,1,64.0,0,0,0,VERY_LOW,1
Saint Roses Senior High S,1,1,1,1,64.8,0,0,0,VERY_LOW,1
Saviour Presby JHS,1,1,1,1,97.95,1,0,0,VERY_LOW,1
Sawla Girls' Model JHS,1,1,1,7,93.71,1,0,0,LOW,3
School,6,6,5,6,56.69199999999999,1,2,0,VERY_LOW,6
School (Opoku Ware),1,1,1,1,68.0,0,0,0,VERY_LOW,0
Secondary,6,5,4,6,50.5675,1,3,0,VERY_LOW,5
Secondary School,2,3,2,2,51.0,1,1,0,VERY_LOW,2
Secondary school,4,5,3,4,63.06666666666666,1,0,0,VERY_LOW,3
Sefwi Wiawso Nursing Training,1,1,1,4,75.43,1,0,0,LOW,1
Sefwi Wiawso Nursing Training College,2,2,1,3,69.6,0,0,0,VERY_LOW,3
Sefwi Wiawso nursing training college,1,1,1,3,45.38,0,1,0,LOW,3
Sefwi wiawso,2,2,1,4,75.05,1,0,0,LOW,4
Sefwi wiawso Nursing Trianing college,1,1,1,3,70.62,1,0,0,LOW,1
Sefwi wiawso Nursing training collage,1,1,1,2,56.0,0,0,0,VERY_LOW,0
Sefwi wiawso nursing Training College,1,1,1,2,95.2,1,0,0,VERY_LOW,2
Sefwi wiawso nursing training college,1,1,1,1,46.66,0,1,0,VERY_LOW,1
Sefwi-Wiawso Nursing Training,1,1,1,1,85.6,1,0,0,VERY_LOW,0
Sefwiman,1,1,1,1,100.0,1,0,0,VERY_LOW,0
Sefwiman Rural Bank PLC,1,1,1,1,97.34,1,0,0,VERY_LOW,1
Sefwiman Rural bank,1,1,1,1,89.34,1,0,0,VERY_LOW,1
Senior High School,21,18,9,29,70.16888888888889,5,3,0,VERY_LOW,29
Senior high school,13,17,7,15,58.51285714285715,4,3,0,VERY_LOW,15
Senior high school student,1,1,1,1,26.15,0,1,0,VERY_LOW,1
Serwaa Nyarko Girls,1,1,1,2,90.0,1,0,0,VERY_LOW,2
ShS,2,1,2,2,31.0,0,2,0,VERY_LOW,2
Shs,25,20,13,34,61.41923076923077,5,6,0,VERY_LOW,34
Sonzele rural bank,1,1,1,2,94.66,1,0,0,VERY_LOW,2
South Akim Community Bank PLC,1,1,1,1,92.0,1,0,0,VERY_LOW,0
South Akim Community Bank Plc,1,1,1,1,97.34,1,0,0,VERY_LOW,0
South Akim Rural Bank PLC,16,17,1,26,93.06,1,0,0,MEDIUM,13
South Akim Rural Bank Plc,3,2,2,5,90.0,2,0,0,VERY_LOW,3
South Akim rural bank plc,1,1,1,1,94.66,1,0,0,VERY_LOW,0
South akim,1,1,1,1,94.66,1,0,0,VERY_LOW,0
South akim rural Bank,1,1,1,1,92.0,1,0,0,VERY_LOW,1
South akim rural bank,1,1,1,1,97.34,1,0,0,VERY_LOW,1
St Augustine’s College,1,1,1,1,40.0,0,1,0,VERY_LOW,1
St James Seminary,1,1,1,1,72.0,1,0,0,VERY_LOW,1
St Johns Grammar,1,1,1,1,63.2,0,0,0,VERY_LOW,1
St Peters S.H.S,1,1,1,1,88.0,1,0,0,VERY_LOW,1
St Peters SHS,3,1,3,4,68.90333333333332,2,0,0,VERY_LOW,4
St Roses senior high school,1,1,1,1,84.0,1,0,0,VERY_LOW,1
St Thomas Aquinas senior high school,2,1,2,3,68.8,0,0,0,VERY_LOW,3
St. Andrews,4,1,4,4,84.0,4,0,0,VERY_LOW,1
St. Andrews 'A' JHS,1,1,1,1,96.0,1,0,0,VERY_LOW,1
St. Andrews Senior High School,1,1,1,1,61.43,0,0,0,VERY_LOW,1
St. Jerome senior high school,1,1,1,1,46.0,0,1,0,VERY_LOW,1
St.Augustine’s College,2,1,2,2,65.57,1,0,0,VERY_LOW,2
"St.Francis Xavier Junior seminary,",1,1,1,1,72.0,1,0,0,VERY_LOW,1
St.Louis Senior high school,2,1,2,2,31.8,0,2,0,VERY_LOW,2
St.Peter's Roman catholic,1,1,1,1,63.2,0,0,0,VERY_LOW,1
Star Life Assurance Limited,201,184,2,380,90.315,2,0,0,MEDIUM,193
StarLife,4,4,2,6,99.6,2,0,0,VERY_LOW,2
StarLife Assurance,33,29,3,54,83.00666666666667,3,0,0,MEDIUM,29
StarLife Assurance Limited,96,69,2,150,87.75999999999999,2,0,0,HIGH,110
StarLife Assurance Ltd,1,1,1,2,92.0,1,0,0,VERY_LOW,0
StarLife Assurance co.ltd,1,1,1,1,100.0,1,0,0,VERY_LOW,0
Starlife,11,14,2,14,91.465,2,0,0,LOW,9
Starlife Assurance,122,134,2,153,88.095,2,0,0,MEDIUM,100
Starlife Assurance Company,1,2,1,1,87.2,1,0,0,VERY_LOW,1
Starlife Assurance Company Limited,3,3,1,3,90.4,1,0,0,VERY_LOW,2
Starlife Assurance Company limited,1,1,1,1,77.6,1,0,0,VERY_LOW,1
Starlife Assurance Limited Company,1,1,1,1,90.4,1,0,0,VERY_LOW,1
Starlife Assurance TUC,1,1,1,1,87.2,1,0,0,VERY_LOW,1
Starlife Assurrance ltd,1,1,1,2,77.6,1,0,0,VERY_LOW,1
Starlife Insurance,2,2,2,3,100.0,2,0,0,VERY_LOW,2
Starlife assurance,3,3,1,4,94.4,1,0,0,LOW,3
Starlife assurance company,2,3,1,2,96.8,1,0,0,VERY_LOW,1
Starlife assurance company limited,1,1,1,1,55.2,0,0,0,VERY_LOW,0
Starlife insurance,1,1,1,1,96.8,1,0,0,VERY_LOW,1
Starlife insurance company,1,1,1,1,68.0,0,0,0,VERY_LOW,0
Starz College,1,1,1,1,28.0,0,1,0,VERY_LOW,1
Sterling College,1,1,1,1,23.2,0,1,0,VERY_LOW,1
Student,10,9,8,19,64.02625,4,3,0,VERY_LOW,19
Suhum Rural Bank,1,1,1,2,88.0,1,0,0,VERY_LOW,0
Suhum Rural Bank LTD.,18,18,1,25,90.61,1,0,0,MEDIUM,10
Suhum Rural Bank Limited,6,6,1,9,94.07,1,0,0,LOW,6
Suhum Senior High Technical School,1,1,1,1,80.0,1,0,0,VERY_LOW,1
Suhum junior high school,1,1,1,1,26.0,0,1,0,VERY_LOW,1
Suhum rural bank,1,1,1,1,92.0,1,0,0,VERY_LOW,0
Sunyani Senior High School,1,1,1,1,56.0,0,0,0,VERY_LOW,1
T.I Ahmadiyya Senior High school,1,1,1,1,46.0,0,1,0,VERY_LOW,1
TANO-ODUMASE METHODIST JHS,2,1,2,3,48.0,1,1,0,VERY_LOW,3
THE LORD'S STAR INTERNATIONAL SCHOOL,2,1,2,2,87.0,2,0,0,VERY_LOW,2
TIZAA COMMUNITY BANK PLC,1,1,1,2,96.0,1,0,0,VERY_LOW,2
TIZAA RURAL BANK LTD.,55,55,1,89,93.03,1,0,0,HIGH,52
TOENDE RURAL BANK LTD.,1,1,1,3,93.22,1,0,0,LOW,1
TUSK,3,2,3,8,88.0,3,0,0,VERY_LOW,5
TUSK FOUNDATION,17,13,14,19,66.43285714285715,5,5,0,VERY_LOW,15
Tadisco,1,1,1,1,80.0,1,0,0,VERY_LOW,1
Tamale Community Health Nurses Training Colly,1,1,1,1,100.0,1,0,0,VERY_LOW,1
Technical,3,2,2,3,44.0,0,2,0,VERY_LOW,3
Tema,1,1,1,1,24.8,0,1,0,VERY_LOW,1
Tema Regular Baptist Acad,1,1,1,1,80.0,1,0,0,VERY_LOW,0
The Ambitious Student Program,1,1,1,1,72.0,1,0,0,VERY_LOW,1
The Lord's Star Int. School,1,1,1,2,85.0,1,0,0,VERY_LOW,2
The Lord's Star International,3,1,3,3,71.86333333333333,2,1,0,VERY_LOW,3
The Lord's Star International School,4,1,4,8,80.4575,3,0,0,VERY_LOW,6
The lord's star school,4,1,4,12,81.785,3,0,0,VERY_LOW,5
Thryv Institute,1,1,1,1,92.0,1,0,0,VERY_LOW,1
Tijjaninya Senior High School,1,1,1,1,48.0,0,1,0,VERY_LOW,1
Tizaa Rural Bank,1,1,1,1,94.66,1,0,0,VERY_LOW,0
Tomás frías,1,1,1,1,38.82,0,1,0,VERY_LOW,1
Tusj,1,1,1,2,75.0,1,0,0,VERY_LOW,2
Tusk,17,6,9,33,69.07222222222222,5,2,0,LOW,26
Tusk Foundation,19,12,11,21,67.63454545454546,6,2,0,VERY_LOW,13
Tusk foundation,5,4,5,6,76.0,4,1,0,VERY_LOW,5
Tusk fumdation,1,1,1,1,50.0,0,1,0,VERY_LOW,1
Tuskfoundation,1,1,1,1,68.0,0,0,0,VERY_LOW,1
Tust,1,1,1,1,74.4,1,0,0,VERY_LOW,1
UCC,1,1,1,1,61.48,0,0,0,VERY_LOW,1
UEW,1,2,1,1,42.0,0,1,0,VERY_LOW,1
UHAS,2,2,1,2,43.13,0,1,0,VERY_LOW,1
UHAS nursing,1,1,1,1,50.4,0,1,0,VERY_LOW,1
UNIVERSITY,1,1,1,2,89.34,1,0,0,VERY_LOW,2
UNIVERSITY OF HEALTH AND ALLIED SCIENCES,1,1,1,3,58.47,0,0,0,LOW,2
UNKNOWN_UNMAPPED,1625,1518,56,3057,69.66214285714285,32,13,8347,LOW,3057
UPPER AMENFI RURAL BANK LTD.,233,231,4,357,78.57,2,0,0,LOW,156
UPPER AMENFI RURAL BANK PLC.,1,1,1,2,100.0,1,0,0,VERY_LOW,1
UPPER MANYA KRO RURAL BANK LTD,34,38,1,36,85.7,1,0,0,HIGH,26
UPPER MANYA KRO RURAL BANK LTD.,1,3,1,2,94.67,1,0,0,VERY_LOW,1
Unimak,1,1,1,1,72.0,1,0,0,VERY_LOW,0
University,4,5,3,6,42.6,1,2,0,VERY_LOW,6
University Of Ghana,1,1,1,1,37.6,0,1,0,VERY_LOW,1
University for Development,2,1,2,2,25.2,0,2,0,VERY_LOW,2
University of Cape Coast,1,1,1,1,26.4,0,1,0,VERY_LOW,1
University of Education,1,1,1,1,88.0,1,0,0,VERY_LOW,1
University of Ghana,9,7,9,9,66.94777777777777,5,3,0,VERY_LOW,7
"University of Ghana, Legon",1,1,1,1,46.66,0,1,0,VERY_LOW,1
University of Health and Allied Sciences,6,8,2,7,59.5,0,1,0,VERY_LOW,3
University of Kwame  Nkrumah of science and technology,1,1,1,1,34.74,0,1,0,VERY_LOW,1
University of Phoenix,3,3,3,4,54.53333333333333,0,2,0,VERY_LOW,4
University of health and allied sciences,2,3,1,6,80.99,1,0,0,LOW,1
University of professional studies,1,1,1,1,72.0,1,0,0,VERY_LOW,1
Upper Amenfi Rural Bank,1,1,1,1,68.0,0,0,0,VERY_LOW,1
Upper Amenfi Rural Bank plc,1,1,1,1,84.0,1,0,0,VERY_LOW,0
Utc,1,1,1,1,53.6,0,1,0,VERY_LOW,1
VIVO,1,1,1,1,23.2,0,1,0,VERY_LOW,1
VVU,1,1,1,1,68.0,0,0,0,VERY_LOW,1
Valley View University,1,1,1,2,83.6,1,0,0,VERY_LOW,1
Valley View university,2,1,2,4,69.6,1,0,0,VERY_LOW,2
Valley view,1,1,1,2,84.0,1,0,0,VERY_LOW,1
Valley view University,1,1,1,3,77.6,1,0,0,LOW,0
Victoria St. Clair Acade,1,1,1,1,34.0,0,1,0,VERY_LOW,1
Volta Rising Star Academy,1,1,1,2,82.0,1,0,0,VERY_LOW,2
WAMFIE RURAL BANK LTD.,51,51,1,88,91.36,1,0,0,HIGH,48
WAMFIE RURAL BANK PLC,1,1,1,1,73.34,1,0,0,VERY_LOW,1
WETO RURAL BANK LTD.,45,45,1,73,93.6,1,0,0,HIGH,32
Wesley Grammar,3,1,3,4,47.333333333333336,0,2,0,VERY_LOW,4
Wisconsin,1,1,1,1,88.0,1,0,0,VERY_LOW,0
Wulensi SHS,1,1,1,1,40.8,0,1,0,VERY_LOW,1
Xavier,1,1,1,1,24.0,0,1,0,VERY_LOW,1
YAA ASANTEWAA RURAL BANK LTD.,95,96,1,132,92.56,1,0,0,HIGH,53
YAASANTEWAA RURAL BANK PLC,1,1,1,2,92.0,1,0,0,VERY_LOW,1
YAPRA RURAL BANK LTD.,30,30,1,48,89.62,1,0,0,HIGH,23
Yaa Asantewaa Rural Bank Plc,1,1,1,1,95.67,1,0,0,VERY_LOW,0
Yaa Asantewaa senior high school,1,1,1,1,76.0,1,0,0,VERY_LOW,1
Yikrosec,1,1,1,1,34.0,0,1,0,VERY_LOW,1
ZEEPAY,2,2,1,2,76.0,1,0,0,VERY_LOW,2
Zeepay,35,35,2,41,88.79499999999999,2,0,0,MEDIUM,41
Zeepay Ghana,4,4,1,4,83.33,1,0,0,VERY_LOW,4
Zeepay Ghana LTD,1,1,1,1,84.0,1,0,0,VERY_LOW,1
Zeepay Ghana Limited,5,5,1,5,88.27,1,0,0,LOW,5
Zeepay HQ,2,2,1,2,88.0,1,0,0,VERY_LOW,2
Zeepay ghana limited,1,1,1,1,84.0,1,0,0,VERY_LOW,1
Zion college,1,1,1,1,55.2,0,0,0,VERY_LOW,1
abeaseman shs,2,1,2,7,42.665,0,2,0,LOW,1
abeasemanshs,4,1,4,5,52.0,0,3,0,VERY_LOW,0
accra academy shs,1,1,1,1,84.0,1,0,0,VERY_LOW,1
acellou academy,1,1,1,1,38.0,0,1,0,VERY_LOW,1
acellua Acadamy,2,1,2,2,48.0,0,2,0,VERY_LOW,1
acellus,2,2,2,2,70.0,1,1,0,VERY_LOW,2
acellus Academy,3,4,2,3,55.7,0,1,0,VERY_LOW,3
acellus academy,6,8,3,7,62.800000000000004,2,1,0,VERY_LOW,7
achimota school,2,2,1,2,86.0,1,0,0,VERY_LOW,1
acres,1,1,1,1,46.0,0,1,0,VERY_LOW,1
ada technical team institute,1,1,1,1,46.0,0,1,0,VERY_LOW,1
adansi bank,1,1,1,1,100.0,1,0,0,VERY_LOW,1
adenta,1,1,1,2,67.97,0,0,0,VERY_LOW,2
adom,5,1,5,5,45.2,0,4,0,VERY_LOW,5
afb,4,4,1,21,89.53,1,0,0,LOW,20
afb gh.plc,1,1,1,1,87.2,1,0,0,VERY_LOW,1
akim bosome rural bank,1,1,1,1,100.0,1,0,0,VERY_LOW,1
amansie rural bank,1,1,1,2,97.34,1,0,0,VERY_LOW,2
art,1,1,1,1,72.8,1,0,0,VERY_LOW,1
asawase,1,1,1,1,22.0,0,1,0,VERY_LOW,1
attafuah,2,1,2,3,65.8,0,0,0,VERY_LOW,3
basic,1,1,1,1,38.0,0,1,0,VERY_LOW,1
benjii,1,1,1,4,73.62,1,0,0,LOW,1
bessfa rural bank,1,1,1,2,94.67,1,0,0,VERY_LOW,0
bsbsbshsbs,1,1,1,1,44.0,0,1,0,VERY_LOW,1
business,1,1,1,1,44.0,0,1,0,VERY_LOW,1
c,2,1,2,2,46.0,0,2,0,VERY_LOW,2
cohsa,3,3,1,4,96.0,1,0,0,LOW,2
computing,1,1,1,1,45.6,0,1,0,VERY_LOW,1
cps,16,4,5,16,84.1,5,0,0,VERY_LOW,10
dasein practical school,1,1,1,1,46.0,0,1,0,VERY_LOW,1
dexterity,1,1,1,1,60.0,0,0,0,VERY_LOW,0
e campus,1,1,1,1,42.4,0,1,0,VERY_LOW,1
e-campus,1,1,1,2,89.33,1,0,0,VERY_LOW,0
eCampus,20,7,17,41,66.31470588235294,10,6,0,VERY_LOW,39
eCampus Education,2,1,2,2,56.0,1,1,0,VERY_LOW,2
eCampus LLC,42,4,36,59,52.24472222222222,11,20,0,VERY_LOW,47
ecampus,1,2,1,1,90.21,1,0,0,VERY_LOW,1
entry level,1,1,1,2,31.2,0,1,0,VERY_LOW,2
genova,1,1,1,1,48.0,0,1,0,VERY_LOW,1
good day,2,1,2,3,32.285000000000004,0,2,0,VERY_LOW,3
gsts,1,1,1,1,60.0,0,0,0,VERY_LOW,1
high school,4,2,3,5,75.39999999999999,3,0,0,VERY_LOW,5
hope Marie,1,1,1,2,71.0,1,0,0,VERY_LOW,2
idea college,1,1,1,1,61.6,0,0,0,VERY_LOW,1
ideal college,1,1,1,1,22.0,0,1,0,VERY_LOW,1
jhs,13,9,9,14,57.29333333333333,3,5,0,VERY_LOW,14
jhs 3,5,3,4,7,67.3325,2,1,0,VERY_LOW,7
junior high school,1,1,1,1,82.0,1,0,0,VERY_LOW,1
kAJAJI SENOIR HIGH SCHOOL,2,1,2,2,54.0,0,1,0,VERY_LOW,2
kajaji Senior high school,1,1,1,1,48.0,0,1,0,VERY_LOW,1
kajaji senior high school,10,7,5,21,55.053999999999995,0,3,0,LOW,4
kajaji senior night school,1,1,1,1,44.0,0,1,0,VERY_LOW,1
kapps,10,3,5,10,74.2,4,1,0,VERY_LOW,9
knust,8,3,8,11,38.16125,0,8,0,VERY_LOW,10
kumasi nursing,1,1,1,1,72.8,1,0,0,VERY_LOW,0
kwahu rural bank,1,1,1,1,94.66,1,0,0,VERY_LOW,0
labone senior high school,1,1,1,1,80.0,1,0,0,VERY_LOW,1
learner complex,3,1,3,3,74.66666666666667,2,1,0,VERY_LOW,3
learning,2,1,2,2,50.0,0,1,0,VERY_LOW,2
legon,1,1,1,1,68.0,0,0,0,VERY_LOW,1
letshego,12,12,1,60,92.35,1,0,0,HIGH,40
letshego Ghana Plc,1,1,1,8,95.67,1,0,0,LOW,6
letshego ghana,1,1,1,2,97.52,1,0,0,VERY_LOW,1
letshego savings and Loan,1,1,1,10,95.54,1,0,0,LOW,10
letshego savings and loan,1,1,1,6,96.13,1,0,0,LOW,1
lotus educational centre,1,1,1,1,26.0,0,1,0,VERY_LOW,1
lower Pra Rural Bank Ltd,1,1,1,1,100.0,1,0,0,VERY_LOW,1
maritime university,1,1,1,1,40.8,0,1,0,VERY_LOW,1
mathematics,1,1,1,1,32.0,0,1,0,VERY_LOW,0
melvin,1,1,1,1,24.0,0,1,0,VERY_LOW,1
mfantsipim,2,2,2,3,71.0,1,0,0,VERY_LOW,3
miwifery,1,1,1,1,96.8,1,0,0,VERY_LOW,0
nagie's angels educationa centre,1,1,1,1,40.0,0,1,0,VERY_LOW,1
nagie's angels educational centre,5,2,5,12,57.74400000000001,1,2,0,VERY_LOW,2
nagies angels,2,2,2,2,57.745,1,1,0,VERY_LOW,0
nagies angels  educational center,1,1,1,2,77.0,1,0,0,VERY_LOW,1
nagie’s angels,1,1,1,1,32.3,0,1,0,VERY_LOW,1
nightinagle,1,1,1,1,69.6,0,0,0,VERY_LOW,0
nmtc pantang,3,3,1,3,70.67,1,0,0,LOW,1
nmtc-pantang,1,1,1,1,68.0,0,0,0,VERY_LOW,0
nmtc_pantang,1,1,1,1,63.2,0,0,0,VERY_LOW,1
ntc,1,1,1,3,75.47,1,0,0,LOW,1
nursig training,1,1,1,1,82.4,1,0,0,VERY_LOW,0
nursing,11,13,1,21,66.85,0,0,0,MEDIUM,16
nursing and midwifery training college tarkwa,1,2,1,1,60.0,0,0,0,VERY_LOW,1
nursing college,1,1,1,1,79.2,1,0,0,VERY_LOW,0
nursing institute,1,1,1,3,72.85,1,0,0,LOW,0
nursing pantang,1,1,1,2,74.27,1,0,0,VERY_LOW,1
nursing schol,1,1,1,1,26.4,0,1,0,VERY_LOW,1
nursing training,7,7,1,20,61.89,0,0,0,MEDIUM,13
nursing training college,4,4,2,4,80.0,2,0,0,VERY_LOW,3
nursing training college Sefwi waiwso,1,1,1,3,63.2,0,0,0,LOW,3
nzema male rural bank,1,1,1,1,97.34,1,0,0,VERY_LOW,0
oak city international college,1,2,1,1,84.0,1,0,0,VERY_LOW,0
odasco,1,1,1,1,25.71,0,1,0,VERY_LOW,1
odorgonno senior high,4,1,4,4,51.5,1,2,0,VERY_LOW,3
odupongkehe Rural Bank,1,1,1,2,94.67,1,0,0,VERY_LOW,1
odupongkpehe,1,1,1,1,65.34,0,0,0,VERY_LOW,0
odupongkpehe rural bank,1,1,1,2,92.0,1,0,0,VERY_LOW,1
odupongkpehe rural bank plc,1,1,1,2,94.66,1,0,0,VERY_LOW,2
offinso community bank plc,2,2,1,2,92.0,1,0,0,VERY_LOW,1
ola sen high,1,1,1,1,45.81,0,1,0,VERY_LOW,1
opoku ware,3,2,3,3,72.0,2,0,0,VERY_LOW,2
opoku ware school,5,4,4,6,83.3325,4,0,0,VERY_LOW,1
osei TuTu Senior High School,2,1,2,2,45.925,0,1,0,VERY_LOW,2
owass,2,2,2,2,80.0,1,0,0,VERY_LOW,2
pantang,2,1,2,2,43.2,0,1,0,VERY_LOW,2
pantang nmtc,1,1,1,1,60.0,0,0,0,VERY_LOW,1
paris saclay,2,1,2,2,32.075,0,2,0,VERY_LOW,2
presbyterian boys secondary school,1,1,1,1,82.4,1,0,0,VERY_LOW,1
right now,1,1,1,1,52.0,0,1,0,VERY_LOW,1
sarhad college of Arts Commerce and science,1,1,1,1,52.0,0,1,0,VERY_LOW,1
school,6,5,4,6,58.35,1,2,0,VERY_LOW,6
science,3,2,3,3,52.11333333333334,1,2,0,VERY_LOW,3
secondary,4,6,1,4,37.7,0,1,0,LOW,4
secondary institution,2,1,2,2,58.2,0,1,0,VERY_LOW,2
secondary school,7,3,6,9,55.72,1,2,0,VERY_LOW,9
sefwi Wiawso nursing school,1,1,1,4,52.87,0,1,0,LOW,4
sefwi Wiawso nursing training college,1,1,1,1,49.34,0,1,0,VERY_LOW,1
sefwi nursing school,1,1,1,2,74.7,1,0,0,VERY_LOW,0
sefwi waiwso nursing training,1,1,1,2,93.0,1,0,0,VERY_LOW,2
sefwi wiawso,1,1,1,1,42.4,0,1,0,VERY_LOW,1
sefwi wiawso college of nursing,1,1,1,3,70.0,1,0,0,LOW,3
sefwi wiawso nursing,1,1,1,3,58.58,0,0,0,LOW,2
senior,1,1,1,1,46.0,0,1,0,VERY_LOW,1
senior high,3,4,3,3,73.11333333333333,2,1,0,VERY_LOW,3
senior high School,1,1,1,1,44.0,0,1,0,VERY_LOW,1
senior high school,12,16,6,14,54.288333333333334,1,4,0,VERY_LOW,14
serwaa nyarko girls,1,1,1,1,37.05,0,1,0,VERY_LOW,1
sha,1,1,1,1,62.79,0,0,0,VERY_LOW,1
shs,31,30,8,34,61.08,2,3,0,LOW,34
skans,1,1,1,1,52.0,0,1,0,VERY_LOW,1
st. Augustine,1,1,1,1,42.4,0,1,0,VERY_LOW,1
st. Paul's senior high school,1,1,1,1,56.0,0,0,0,VERY_LOW,0
st.andrews jhs,1,1,1,1,44.0,0,1,0,VERY_LOW,1
star life,1,1,1,1,87.2,1,0,0,VERY_LOW,1
starlife,3,3,2,3,65.2,1,0,0,VERY_LOW,3
starlife Assurance Company,1,1,1,2,44.0,0,1,0,VERY_LOW,1
starlife assurance,1,2,1,1,93.6,1,0,0,VERY_LOW,0
starlife insurance,1,1,1,1,80.8,1,0,0,VERY_LOW,0
starlife insurance company,1,1,1,2,74.4,1,0,0,VERY_LOW,1
student,13,13,6,18,63.10833333333333,3,2,0,LOW,18
student's,3,1,3,3,50.0,0,3,0,VERY_LOW,3
students,5,1,5,12,80.338,4,0,0,VERY_LOW,12
studying,1,1,1,1,38.66,0,1,0,VERY_LOW,1
success,2,1,2,3,57.6,1,1,0,VERY_LOW,3
suhum senior high technical school,1,1,1,1,46.0,0,1,0,VERY_LOW,1
sunyark ventures,1,1,1,1,44.0,0,1,0,VERY_LOW,1
the Lord's star int. school,2,1,2,2,40.0,0,2,0,VERY_LOW,2
tusk,3,2,3,3,70.74,2,1,0,VERY_LOW,3
tusk foundation,6,3,6,6,80.145,4,0,0,VERY_LOW,5
uHAS,1,1,1,2,61.2,0,0,0,VERY_LOW,1
ucc,2,2,2,2,68.0,1,1,0,VERY_LOW,2
uhas,1,1,1,1,48.8,0,1,0,VERY_LOW,0
unilag,1,1,1,1,24.8,0,1,0,VERY_LOW,1
university,1,1,1,1,61.6,0,0,0,VERY_LOW,1
university of Djibouti,2,1,2,2,42.3,0,2,0,VERY_LOW,2
university of education winneba,5,1,5,8,77.13,3,1,0,VERY_LOW,8
university of gh,6,1,6,17,81.20333333333333,5,0,0,VERY_LOW,17
university of health and Allied sciences,1,1,1,1,73.34,1,0,0,VERY_LOW,0
university of health and allied sciences,2,2,2,2,56.73,1,1,0,VERY_LOW,0
university of phoenix,5,3,4,5,41.5925,0,4,0,VERY_LOW,5
university of professional studies Accra,1,1,1,1,100.0,1,0,0,VERY_LOW,1
upper east,1,1,1,1,23.2,0,1,0,VERY_LOW,1
v,1,1,1,1,94.66,1,0,0,VERY_LOW,0
valley view,2,1,2,3,64.53,0,0,0,VERY_LOW,1
victoria college,1,1,1,1,21.6,0,1,0,VERY_LOW,1
visual art 3,1,1,1,1,28.0,0,1,0,VERY_LOW,1
visual arts,1,1,1,1,56.0,0,0,0,VERY_LOW,1
vvu,2,2,1,6,69.96,0,0,0,LOW,6
wa municipal,1,1,1,1,46.66,0,1,0,VERY_LOW,1
yes,1,1,1,1,22.05,0,1,0,VERY_LOW,1
zeepay,4,4,1,4,82.67,1,0,0,VERY_LOW,4
